ministry,publish_date,report_title,contractor_name,department,url
METI,2025-08-15,令和５年度補正グローバルサウス未来志向型共創等事業（DFFTに係るグローバルサウスへのアウトリーチのための調査）調査報告書,ボストン・コンサルティング・グループ,商務情報政策局　総務課　国際室,https://www.meti.go.jp/meti_lib/report/2023FY/100070.pdf
METI,2025-08-15,令和5年度補正資源自律経済確立産官学連携加速化事業（産官学連携による動静脈連携推進のための調査分析）報告書,三菱総合研究所,イノベーション・環境局　GXグループ　資源循環経済課,https://www.meti.go.jp/meti_lib/report/2023FY/100052.pdf
METI,2025-08-15,令和5年度補正資源自律経済確立に向けた産官学連携加速化事業委託費（自治体における資源循環システムの構築に向けた実証事業）成果報告書,サーキュラーパーク九州,イノベーション・環境局　GXグループ　資源循環経済課,https://www.meti.go.jp/meti_lib/report/2023FY/100039.pdf
METI,2025-08-15,令和５年度補正 資源自律経済確立産官学連携加速化事業（産官学連携によるサーキュラーエコノミー加速化のための調査分析）報告書,デロイトトーマツコンサルティング合同会社,イノベーション・環境局　GXグループ　資源循環経済課,https://www.meti.go.jp/meti_lib/report/2023FY/100034.pdf
METI,2025-08-15,令和５年度補正グローバルサウス未来産業人材育成等事業（グローバルサウスIT人材獲得支援調査事業）報告書,フォースバレー・コンシェルジュ,通商政策局貿易振興課技術・人材協力室,https://www.meti.go.jp/meti_lib/report/2023FY/100027.pdf
METI,2025-08-14,令和５年度産業経済研究委託事業（「（大企業向け）賃上げ促進税制」及び「人材確保等促進税制」の利用状況に関する調査））調査報告書,みずほリサーチ&テクノロジーズ,経済産業省経済産業政策局産業人材課,https://www.meti.go.jp/meti_lib/report/2023FY/000653.pdf
METI,2025-08-14,令和５年度気候変動対策国際会議開催等エネルギー・環境技術イノベーション創出国際連携推進事業（ＣＣＳ国際連携事業（ＣＣＳ関連国際機関等との連携事業））調査報告書,公益財団法人地球環境産業技術研究機構,資源エネルギー庁資源・燃料部燃料環境適合利用推進課ＣＣＳ政策室,https://www.meti.go.jp/meti_lib/report/2023FY/000652.pdf
METI,2025-08-14,令和５年度エネルギー需給構造高度化対策調査等事業（エネルギー政策動向分析・調査支援事業）報告書,一般財団法人日本エネルギー経済研究所,資源エネルギー庁長官官房総務課戦略企画室,https://www.meti.go.jp/meti_lib/report/2023FY/000651.pdf
METI,2025-08-14,令和５年度エネルギー需給構造高度化対策調査等事業（カーボンニュートラル実現に向けた国内外の中長期エネルギー需給動向調査）　調査報告書,マッキンゼー・アンド・カンパニー・インコーポレイテッド・ジャパン,資源エネルギー庁長官官房総務課戦略企画室,https://www.meti.go.jp/meti_lib/report/2023FY/000650.pdf
METI,2025-08-14,令和５年度経済産業政策関係調査事業（ＭＶＶ（ミッション・ビジョン・バリュー）調査）報告書,AKIND,大臣官房業務改革課,https://www.meti.go.jp/meti_lib/report/2023FY/000649.pdf
METI,2025-08-14,令和５年度産業経済研究委託調査事業（日本企業のコーポレートガバナンスの実質化に向けた実態調査）調査報告書,野村総合研究所,経済産業政策局産業組織課,https://www.meti.go.jp/meti_lib/report/2023FY/000646.pdf
METI,2025-08-14,令和５年度我が国におけるデータ駆動型社会に係る基盤整備（電子デバイス産業及びその関連産業における市場動向及び政策動向調査）,InformaUKLimited,商務情報政策局情報産業課,https://www.meti.go.jp/meti_lib/report/2023FY/000645.pdf
METI,2025-08-14,令和５年度我が国における生成ＡＩ基盤モデル開発の加速化に向けた調査,ボストン・コンサルティング・グループ,商務情報政策局情報産業課情報処理基盤産業室,https://www.meti.go.jp/meti_lib/report/2023FY/000644-2.pdf
METI,2025-08-14,令和５年度重要技術管理体制強化事業（電子部品に係る重要技術動向調査） ,InformaUKLimited,商務情報政策局情報産業課,https://www.meti.go.jp/meti_lib/report/2023FY/000643.pdf
METI,2025-08-14,令和5年度エネルギー需給構造高度化対策に関する調査等事業（諸外国における再生可能エネルギー政策等動向調査）,野村総合研究所,資源エネルギー庁省エネルギー・新エネルギー部新エネルギー課,https://www.meti.go.jp/meti_lib/report/2023FY/000642.pdf
METI,2025-07-18,令和５年度我が国におけるデジタル社会の形成に向けた基盤整備（中堅・中小企業等のＤＸの更なる加速に向けた調査）,EYストラテジーアンドコンサルティング,商務情報政策局情報技術利用促進課,https://www.meti.go.jp/meti_lib/report/2023FY/000637.pdf
METI,2025-07-18,令和５年度産業経済研究委託事業（我が国と諸外国における政策金融の在り方に関する調査）調査報告書,ボストン・コンサルティング・グループ,経済産業政策局産業資金課,https://www.meti.go.jp/meti_lib/report/2023FY/000635.pdf
METI,2025-07-18,令和５年度内外一体の経済成長戦略構築にかかる国際経済調査事業 (Web3.0 促進のための政策手法等に係る調査等事業) 調査報告書,PwCコンサルティング合同会社,イノベーション・環境局イノベーション政策課フロンティア推進室,https://www.meti.go.jp/meti_lib/report/2023FY/000634.pdf
METI,2025-07-18,令和５年度内外一体の経済成長戦略構築にかかる国際経済調査事業 (Web3.0 促進のための政策手法等に係る調査等事業) 調査報告書,PwC弁護士法人,イノベーション・環境局イノベーション政策課フロンティア推進室,https://www.meti.go.jp/meti_lib/report/2023FY/000634.pdf
METI,2025-07-18,令和５年度内外一体の経済成長戦略構築にかかる国際経済調査事業 (Web3.0 促進のための政策手法等に係る調査等事業) 調査報告書,PwC税理士法人,イノベーション・環境局イノベーション政策課フロンティア推進室,https://www.meti.go.jp/meti_lib/report/2023FY/000634.pdf
METI,2025-07-18,令和５年度被災地域の経済産業活性化対策調査（福島浜通り地域における次世代音楽アーティストの発掘・情報発信を通じた地域の魅力向上に係る調査事業）報告書,ジー・アイ・ピー,大臣官房福島復興推進グループ福島芸術文化推進室,https://www.meti.go.jp/meti_lib/report/2023FY/000633.pdf
METI,2025-07-18,令和５年度中小企業実態調査事業（​省力化投資補助対象機器の性能基準に関する調査​）調査報告書,アクセンチュア,中小企業庁​経営支援部技術・経営革新課,https://www.meti.go.jp/meti_lib/report/2023FY/000632.pdf
METI,2025-07-18,令和5年度国内における温室効果ガス排出削減・吸収量認証制度の実施委託費(環境負荷の見える化に向けたLCA (ライフサイクルアセスメント) / CFP (カーボンフットプリント) に関する調査)最終報告書（ボストンコンサルティンググループ）,ボストン・コンサルティング・グループ,GXグループ環境政策課GX推進企画室,https://www.meti.go.jp/meti_lib/report/2023FY/000631.pdf
METI,2025-07-18,令和５年度地球温暖化・資源循環等に資する調査委託費（化学産業における低炭素評価手法としてのLCA(ライフサイクルアセスメント)の最新の動向調査及び我が国における戦略検討事業）報告書,みずほリサーチ&テクノロジーズ,GXグループ環境政策課GX推進企画室,https://www.meti.go.jp/meti_lib/report/2023FY/000630.pdf
METI,2025-07-18,令和５年度エネルギー需給構造高度化対策に関する調査等事業（産業・業務部門における更なる省エネの促進に向けた省エネ法関連制度に関する調査）報告書,野村総合研究所,資源エネルギー庁省エネルギー・新エネルギー部省エネルギー課,https://www.meti.go.jp/meti_lib/report/2023FY/000629.pdf
METI,2025-07-18,令和５年度エネルギー需給構造高度化対策調査等事業（再生可能エネルギー熱利用促進のための調査事業） 報告書,三菱UFJリサーチ&コンサルティング,資源エネルギー庁省エネルギー・新エネルギー部省エネルギー課,https://www.meti.go.jp/meti_lib/report/2023FY/000628.pdf
METI,2025-07-18,令和５年度気候変動対策に係る国際会議の開催等によるエネルギー・環境技術イノベーション創出のための国際連携推進事業（国境調整措置に係る調査・分析）,一般財団法人日本エネルギー経済研究所,産業技術環境局地球環境対策室,https://www.meti.go.jp/meti_lib/report/2023FY/000627.pdf
METI,2025-07-18,令和５年度燃料安定供給対策調査等事業（モビリティ分野を中心とした国内液体燃料の需要見通し調査）報告書,一般財団法人日本エネルギー経済研究所,資源エネルギー庁資源・燃料部燃料供給基盤整備課,https://www.meti.go.jp/meti_lib/report/2023FY/000626.pdf
METI,2025-07-18,令和５年度「無人自動運転等のCASE対応に向けた実証・支援事業(仮想空間での自動運転安全性評価環境の構築)」報告書,学校法人幾徳学園神奈川工科大学,製造産業局自動車課モビリティDX室,https://www.meti.go.jp/meti_lib/report/2023FY/000624.pdf
METI,2025-07-18,令和５年度「無人自動運転等のCASE対応に向けた実証・支援事業(仮想空間での自動運転安全性評価環境の構築)」報告書,BIPROGY,製造産業局自動車課モビリティDX室,https://www.meti.go.jp/meti_lib/report/2023FY/000624.pdf
METI,2025-07-18,令和５年度「無人自動運転等のCASE対応に向けた実証・支援事業(仮想空間での自動運転安全性評価環境の構築)」報告書,三菱プレシジョン,製造産業局自動車課モビリティDX室,https://www.meti.go.jp/meti_lib/report/2023FY/000624.pdf
METI,2025-07-18,令和５年度「無人自動運転等のCASE対応に向けた実証・支援事業(仮想空間での自動運転安全性評価環境の構築)」報告書,トヨタテクニカルディベロップメント,製造産業局自動車課モビリティDX室,https://www.meti.go.jp/meti_lib/report/2023FY/000624.pdf
METI,2025-07-18,令和５年度「無人自動運転等のCASE対応に向けた実証・支援事業（自動走行システムの安全性評価基盤構築に向けた研究開発プロジェクト)」報告書,一般財団法人日本自動車研究所,製造産業局自動車課モビリティDX室,https://www.meti.go.jp/meti_lib/report/2023FY/000623.pdf
METI,2025-07-18,令和５年度無人自動運転等の CASE対応に向けた実証・支援事業（デジタル・自動走行分野の国際競争力強化のための産学官の協調領域の深化・拡大等に向けた調査検討）,野村総合研究所,製造産業局自動車課モビリティDX室,https://www.meti.go.jp/meti_lib/report/2023FY/000622.pdf
METI,2025-07-18,令和５年度「無人自動運転等のCASE対応に向けた実証・支援事業（無人自動運転等の先進Maas実装加速化のための総合的な調査検討・調整プロジェクト）」報告書,国立研究開発法人産業技術総合研究所,製造産業局自動車課モビリティDX室,https://www.meti.go.jp/meti_lib/report/2023FY/000621.pdf
METI,2025-07-18,令和５年度「無人自動運転等のCASE対応に向けた実証・支援事業（無人自動運転等の先進Maas実装加速化のための総合的な調査検討・調整プロジェクト）」報告書,野村総合研究所,製造産業局自動車課モビリティDX室,https://www.meti.go.jp/meti_lib/report/2023FY/000621.pdf
METI,2025-07-18,令和５年度「無人自動運転等のCASE対応に向けた実証・支援事業（無人自動運転等の先進Maas実装加速化のための総合的な調査検討・調整プロジェクト）」報告書,日本工営,製造産業局自動車課モビリティDX室,https://www.meti.go.jp/meti_lib/report/2023FY/000621.pdf
METI,2025-07-18,令和５年度「無人自動運転等のCASE対応に向けた実証・支援事業（無人自動運転等の先進Maas実装加速化のための総合的な調査検討・調整プロジェクト）」報告書,三菱総合研究所,製造産業局自動車課モビリティDX室,https://www.meti.go.jp/meti_lib/report/2023FY/000621.pdf
METI,2025-07-18,令和５年度「無人自動運転等のCASE対応に向けた実証・支援事業（無人自動運転等の先進Maas実装加速化のための総合的な調査検討・調整プロジェクト）」報告書,テクノバ,製造産業局自動車課モビリティDX室,https://www.meti.go.jp/meti_lib/report/2023FY/000621.pdf
METI,2025-07-18,令和５年度「無人自動運転等のCASE対応に向けた実証・支援事業（無人自動運転等の先進Maas実装加速化のための総合的な調査検討・調整プロジェクト）」報告書,豊田通商,製造産業局自動車課モビリティDX室,https://www.meti.go.jp/meti_lib/report/2023FY/000621.pdf
METI,2025-07-18,令和５年度「無人自動運転等のCASE対応に向けた実証・支援事業(自動運転レベル4等先進モビリティサービス研究開発・社会実証プロジェクト(テーマ３：高速道路における隊列走行を含む高性能トラックの実用化に向けた取組))」報告書,豊田通商,製造産業局自動車課モビリティDX室,https://www.meti.go.jp/meti_lib/report/2023FY/000620.pdf
METI,2025-07-18,令和５年度「無人自動運転等のCASE対応に向けた実証・支援事業(自動運転レベル4等先進モビリティサービス研究開発・社会実証プロジェクト(テーマ３：高速道路における隊列走行を含む高性能トラックの実用化に向けた取組))」報告書,先進モビリティ,製造産業局自動車課モビリティDX室,https://www.meti.go.jp/meti_lib/report/2023FY/000620.pdf
METI,2025-07-18,令和５年度「無人自動運転等のCASE対応に向けた実証・支援事業(自動運転レベル4等先進モビリティサービス研究開発・社会実証プロジェクト(テーマ３：高速道路における隊列走行を含む高性能トラックの実用化に向けた取組))」報告書,日本工営,製造産業局自動車課モビリティDX室,https://www.meti.go.jp/meti_lib/report/2023FY/000620.pdf
METI,2025-07-18,令和５年度「無人自動運転等のCASE対応に向けた実証・支援事業(自動運転レベル4等先進モビリティサービス研究開発・社会実証プロジェクト(テーマ３：高速道路における隊列走行を含む高性能トラックの実用化に向けた取組))」報告書,みずほリサーチ&テクノロジーズ,製造産業局自動車課モビリティDX室,https://www.meti.go.jp/meti_lib/report/2023FY/000620.pdf
METI,2025-07-18,令和５年度無人自動運転等のCASE対応に向けた実証・支援事業（自動運転レベル４等先進モビリティサービス研究開発・社会実証プロジェクト（テーマ4）)報告書,国立大学法人東京大学,製造産業局自動車課モビリティDX室,https://www.meti.go.jp/meti_lib/report/2023FY/000619.pdf
METI,2025-07-18,令和５年度無人自動運転等のCASE対応に向けた実証・支援事業（自動運転レベル４等先進モビリティサービス研究開発・社会実証プロジェクト（テーマ4）)報告書,国立大学法人東海国立大学機構,製造産業局自動車課モビリティDX室,https://www.meti.go.jp/meti_lib/report/2023FY/000619.pdf
METI,2025-07-18,令和５年度無人自動運転等のCASE対応に向けた実証・支援事業（自動運転レベル４等先進モビリティサービス研究開発・社会実証プロジェクト（テーマ4）)報告書,国立研究開発法人産業技術総合研究所,製造産業局自動車課モビリティDX室,https://www.meti.go.jp/meti_lib/report/2023FY/000619.pdf
METI,2025-07-18,令和５年度無人自動運転等のCASE対応に向けた実証・支援事業（自動運転レベル４等先進モビリティサービス研究開発・社会実証プロジェクト（テーマ4）)報告書,三菱総合研究所,製造産業局自動車課モビリティDX室,https://www.meti.go.jp/meti_lib/report/2023FY/000619.pdf
METI,2025-07-18,令和５年度無人自動運転等のCASE対応に向けた実証・支援事業（自動運転レベル４等先進モビリティサービス研究開発・社会実証プロジェクト（テーマ4）)報告書,一般財団法人日本自動車研究所,製造産業局自動車課モビリティDX室,https://www.meti.go.jp/meti_lib/report/2023FY/000619.pdf
METI,2025-07-18,令和５年度無人自動運転等のCASE対応に向けた実証・支援事業（自動運転レベル４等先進モビリティサービス研究開発・社会実証プロジェクト（テーマ4）)報告書,先進モビリティ,製造産業局自動車課モビリティDX室,https://www.meti.go.jp/meti_lib/report/2023FY/000619.pdf
METI,2025-07-18,令和５年度「無人自動運転等のCASE対応に向けた実証・支援事業(自動運転レベル4等先進モビリティサービス研究開発・社会実証プロジェクト(テーマ２))」報告書,日本総合研究所,製造産業局自動車課モビリティDX室,https://www.meti.go.jp/meti_lib/report/2023FY/000618.pdf
METI,2025-07-18,令和５年度「無人自動運転等のCASE対応に向けた実証・支援事業(自動運転レベル4等先進モビリティサービス研究開発・社会実証プロジェクト(テーマ２))」報告書,国立研究開発法人産業技術総合研究所,製造産業局自動車課モビリティDX室,https://www.meti.go.jp/meti_lib/report/2023FY/000618.pdf
METI,2025-07-18,令和５年度「無人自動運転等のCASE対応に向けた実証・支援事業(自動運転レベル4等先進モビリティサービス研究開発・社会実証プロジェクト(テーマ２))」報告書,みちのりホールディグス,製造産業局自動車課モビリティDX室,https://www.meti.go.jp/meti_lib/report/2023FY/000618.pdf
METI,2025-07-18,令和５年度「無人自動運転等のCASE対応に向けた実証・支援事業(自動運転レベル4等先進モビリティサービス研究開発・社会実証プロジェクト(テーマ２))」報告書,茨城交通,製造産業局自動車課モビリティDX室,https://www.meti.go.jp/meti_lib/report/2023FY/000618.pdf
METI,2025-07-18,令和５年度「無人自動運転等のCASE対応に向けた実証・支援事業(自動運転レベル4等先進モビリティサービス研究開発・社会実証プロジェクト(テーマ２))」報告書,一般財団法人日本自動車研究所,製造産業局自動車課モビリティDX室,https://www.meti.go.jp/meti_lib/report/2023FY/000618.pdf
METI,2025-07-18,令和５年度「無人自動運転等のCASE対応に向けた実証・支援事業(自動運転レベル4等先進モビリティサービス研究開発・社会実証プロジェクト(テーマ２))」報告書,先進モビリティ,製造産業局自動車課モビリティDX室,https://www.meti.go.jp/meti_lib/report/2023FY/000618.pdf
METI,2025-07-18,令和５年度「公共エリア向けダイナミックマップの開発」報告書,ダイナミックマッププラットフォーム,製造産業局自動車課モビリティDX室,https://www.meti.go.jp/meti_lib/report/2023FY/000615.pdf
METI,2025-07-11,令和５年度補正資源自律経済確立産官学連携加速化事業（地域の循環指標に関する調査分析）報告書,デロイトトーマツコンサルティング合同会社,イノベーション・環境局GXグループ資源循環経済課,https://www.meti.go.jp/meti_lib/report/2023FY/000711.pdf
METI,2025-06-09,令和５年度燃料安定供給対策調査等事業（我が国におけるバイオ燃料に関する政策の在り方に関する調査）報告書,三菱総合研究所,資源エネルギー庁資源・燃料部燃料供給基盤整備課,https://www.meti.go.jp/meti_lib/report/2023FY/000584.pdf
METI,2025-06-09,令和５年度国連気候変動枠組条約交渉事業（地球温暖化問題を巡る国際動向調査（気候変動枠組条約（UNFCCC）））調査報告書,一般財団法人電力中央研究所,GXグループ　地球環境対策室,https://www.meti.go.jp/meti_lib/report/2023FY/000610.pdf
METI,2025-06-09,令和５年度　中小企業等環境問題対策調査事業費（途上国における適応分野の我が国企業の貢献可視化事業）最終報告書,デロイトトーマツコンサルティング合同会社,GXグループ　地球環境対策室,https://www.meti.go.jp/meti_lib/report/2023FY/000611.pdf
METI,2025-06-09,令和５年度二国間クレジット取得等のためのインフラ整備調査事業（ＣＤＭの運用に係る方法論に関する調査）　報告書,三菱総合研究所,産業技術環境局環境政策課地球環境対策室,https://www.meti.go.jp/meti_lib/report/2023FY/000612.pdf
METI,2025-06-09,令和５年度二国間クレジット取得等のためのインフラ整備調査事業（市場メカニズム交渉等に係る国際動向調査）　報告書,一般財団法人日本エネルギー経済研究所,産業技術環境局環境政策課地球環境対策室,https://www.meti.go.jp/meti_lib/report/2023FY/000613.pdf
METI,2025-06-09,令和５年度中小企業等環境問題対策調査事業費（気候変動対策に関する国際的な動向・調査・分析）調査報告書,EY新日本有限責任監査法人,産業技術環境局環境政策課地球環境対策室,https://www.meti.go.jp/meti_lib/report/2023FY/000614.pdf
METI,2025-06-09,令和５年度「標準活用加速化支援事業（高精度３次元地図データに関する国際標準化）」報告書,ダイナミックマッププラットフォーム,製造産業局自動車課モビリティDX室,https://www.meti.go.jp/meti_lib/report/2023FY/000616.pdf
METI,2025-06-09,令和５年度「無人自動運転等のCASE対応に向けた実証・支援事業(自動運転技術(レベル３、４)に必要な認識技術等の研究)」報告書,国立大学法人金沢大学,製造産業局自動車課モビリティDX室,https://www.meti.go.jp/meti_lib/report/2023FY/000617.pdf
METI,2025-06-09,令和５年度「無人自動運転等のCASE対応に向けた実証・支援事業(自動運転技術(レベル３、４)に必要な認識技術等の研究)」報告書,学校法人中部大学,製造産業局自動車課モビリティDX室,https://www.meti.go.jp/meti_lib/report/2023FY/000617.pdf
METI,2025-04-01,令和５年度国内における温室効果ガス排出削減・吸収量認証制度の実施委託費（Jクレジット制度の活性化に向けた活用先拡大に関する調査）報告書,みずほリサーチ&テクノロジーズ,"GXグループ
環境政策課
GX推進企画室",https://www.meti.go.jp/meti_lib/report/2023FY/000604.pdf
METI,2025-04-01,令和５年度東北地域における事業承継支援に係る在り方検討調査　報告書,しんきん地域創生ネットワーク,"東北経済産業局
産業部
中小企業課",https://www.meti.go.jp/meti_lib/report/2023FY/000605.pdf
METI,2025-04-01,令和５年度沖縄地域MaaS導入推進調査事業最終報告書概要版,有限責任監査法人トーマツ,"沖縄総合事務局
経済産業部
地域経済課",https://www.meti.go.jp/meti_lib/report/2023FY/000606.pdf
METI,2025-04-01,令和5年度中国地域における自動走行・MaaS等の社会実装に向けた取組実現可能性調査事業,バイタルリード,"中国経済産業局
地域経済部
デジタル経済課",https://www.meti.go.jp/meti_lib/report/2023FY/000609.pdf
METI,2025-03-28,令和５年度新エネルギー等導入促進広報等事業（地域での洋上風力発電に関する案件形成の促進に向けた調査事業）報告書,日本工営,"資源エネルギー庁
省エネルギー・新エネルギー部
新エネルギー課
風力政策室",https://www.meti.go.jp/meti_lib/report/2023FY/000600.pdf
METI,2025-03-28,令和５年度大企業等人材新規事業創造促進事業（人的資本経営に関する調査及び普及啓発事業）報告書,三菱総合研究所,"経済産業政策局
産業人材課",https://www.meti.go.jp/meti_lib/report/2023FY/000601.pdf
METI,2025-03-28,令和５年度国内における温室効果ガス排出削減・吸収量認証制度の実施委託費（環境負荷の見える化に向けたCFP（カーボンフットプリント）における炭素除去等の算定手法に関する調査）報告書,みずほリサーチ&テクノロジーズ,"GXグループ
環境政策課
GX推進企画室",https://www.meti.go.jp/meti_lib/report/2023FY/000602.pdf
METI,2025-03-28,令和５年度国内における温室効果ガス排出削減・吸収量認証制度の実施委託費（Jクレジット制度運営等業務）報告書,みずほリサーチ&テクノロジーズ,"GXグループ
環境政策課
GX推進企画室",https://www.meti.go.jp/meti_lib/report/2023FY/000603.pdf
METI,2025-03-26,令和５年度 北海道の地方都市におけるエリアゾーン型AI オンデマンド交通の導入及び広域的な公共交通ネットワーク等との連携に関する事業性調査・分析事業調査報告書,CommunityMobility,"北海道経済産業局
地域経済部
製造・情報産業課",https://www.meti.go.jp/meti_lib/report/2023FY/000594.pdf
METI,2025-03-26,令和５年度北海道の地方都市におけるタクシー共通配車システムの有効性及び他産業との連携や新制度の導入による利用促進モデルの事業性調査・分析事業_事業実施報告書,パナソニックITS,"北海道経済産業局
地域経済部
製造・情報産業課",https://www.meti.go.jp/meti_lib/report/2023FY/000595.pdf
METI,2025-03-26,令和５年度補正我が国の文化芸術コンテンツ・スポーツ産業の海外展開促進事業（企業の新たなアート投資につながる未活用アートの放出等に関する実証事業）事業報告書（公開用）,PwCコンサルティング合同会社,"商務・サービスグループ
文化創造産業課",https://www.meti.go.jp/meti_lib/report/2023FY/000598.pdf
METI,2025-03-26,令和５年度コンテンツ海外展開促進事業（コンテンツ産業における先端的技術活用に関する調査）事業報告書,ボストン・コンサルティング・グループ,"商務・サービスグループ
文化創造産業課",https://www.meti.go.jp/meti_lib/report/2023FY/000599.pdf
METI,2025-03-18,令和5年度製造基盤技術実態等調査（Vertiport設置のための環境アセスメントにかかる方針策定事業）,日本工営,"製造産業局
航空機武器産業課
次世代空モビリティ政策室",https://www.meti.go.jp/meti_lib/report/2023FY/000563.pdf
METI,2025-03-18,令和５年度無人自動運転等の先進 MaaS 実装加速化推進事業（四国地域における新たなモビリティサービス産業創出及び周辺関連産業との連携可能性調査及びスマートモビリティチャレンジ地域シンポジウム四国開催事業）報告書,ダン計画研究所,"四国経済産業局
地域経済部
新事業推進課",https://www.meti.go.jp/meti_lib/report/2023FY/000564.pdf
METI,2025-03-18,令和５年度化学物質規制対策（化審法におけるリスク評価が高難度な物質等に関する調査）報告書,いであ,"産業保安・安全グループ
化学物質管理課
化学物質安全室",https://www.meti.go.jp/meti_lib/report/2023FY/000565.pdf
METI,2025-03-18,令和５年度認定経営革新等支援機関に関する任意調査報告書,富士フイルムビジネスイノベーションジャパン,"中小企業庁
経営支援部
経営支援課",https://www.meti.go.jp/meti_lib/report/2023FY/000566.pdf
METI,2025-03-18,令和５年度燃料安定供給対策に関する調査（揮発油販売業管理システム（ＳＴＮＤシステム）の機能拡充に係る実証検証事業）調査報告書,ジャパン・コンピュータ・テクノロジー,"資源エネルギー庁
資源・燃料部
燃料供給基盤整備課
燃料流通政策室",https://www.meti.go.jp/meti_lib/report/2023FY/000567.pdf
METI,2025-03-18,令和５年度無人自動運転等のCASE 対応に向けた実証・支援事業（次世代自動車の普及拡大にむけた蓄電池のカーボンフットプリントに係る検証）調査報告書,一般社団法人サステナブル経営推進機構,"商務情報政策局
情報産業課
電池産業室",https://www.meti.go.jp/meti_lib/report/2023FY/000568.pdf
METI,2025-03-18,令和5年度無人自動運転等のCASE対応に向けた実証・支援事業（次世代自動車の普及拡大に向けた蓄電池のデューディリジェンス、リユース等調査・分析）調査報告書,アーサー・ディ・リトル・ジャパン,"商務情報政策局
情報産業課
電池産業室",https://www.meti.go.jp/meti_lib/report/2023FY/000569.pdf
METI,2025-03-18,令和５年度無人自動運転等のCASE 対応に向けた実証・支援事業(次世代自動車の普及拡大にむけた蓄電池のカーボンフットプリントに係る調査・分析)　調査報告書,みずほリサーチ&テクノロジーズ,"商務情報政策局
情報産業課
電池産業室",https://www.meti.go.jp/meti_lib/report/2023FY/000570.pdf
METI,2025-03-18,令和5年度重要技術管理体制強化事業（蓄電池に係る海外の動向調査）調査報告書,アーサー・ディ・リトル・ジャパン,"商務情報政策局
情報産業課
電池産業室",https://www.meti.go.jp/meti_lib/report/2023FY/060571.pdf
METI,2025-03-18,令和５年度重要技術管理体制強化事業（半導体及び半導体製造装置等に係る市場動向調査）報告書,INFORMAUKLIMITED,"貿易経済協力局
貿易管理部
技術調査室",https://www.meti.go.jp/meti_lib/report/2023FY/000572.pdf
METI,2025-03-18,令和５年度下請取引状況調査の実施通知等の印刷・発送を含む調査事業報告書,東京商工リサーチ,"中小企業庁
事業環境部
取引課",https://www.meti.go.jp/meti_lib/report/2023FY/000573.pdf
METI,2025-03-18,令和５年度気候変動対策に係る国際会議の開催等によるエネルギー・環境技術イノベーション創出のための国際連携推進事業（地球温暖化対策技術の分析・評価に関する国際連携事業） 成果報告書,公益財団法人地球環境産業技術研究機構,"産業技術環境局
環境政策課
地球環境対策室",https://www.meti.go.jp/meti_lib/report/2023FY/000574.pdf
METI,2025-03-18,令和５年度地球温暖化・資源循環対策等に資する調査委託費（気候変動緩和の科学的根拠に関する国際動向調査）成果報告書,公益財団法人地球環境産業技術研究機構,"産業技術環境局
環境政策課
地球環境対策室",https://www.meti.go.jp/meti_lib/report/2023FY/000576.pdf
METI,2025-03-18,令和5年度気候変動対策に係る国際会議の開催等によるエネルギー・環境技術イノベーション創出のための国際連携推進事業（技術革新によるエネルギー需要変化に関するモデル比較国際連携事業）成果報告書,公益財団法人地球環境産業技術研究機構,"産業技術環境局
環境政策課
地球環境対策室",https://www.meti.go.jp/meti_lib/report/2023FY/000577.pdf
METI,2025-03-18,令和５年度国内石油天然ガス地質調査・メタンハイドレート研究開発等事業（浅海域におけるメタンガス湧出量調査）,海洋エンジニアリング,"資源エネルギー庁
資源・燃料部
資源開発課",https://www.meti.go.jp/meti_lib/report/2023FY/000580.pdf
METI,2025-03-18,令和 5 年度エネルギー需給構造高度化基準認証推進事業 サービス用及び産業用ロボットの導入障壁を解消するためのルール形成戦略の構築に係る調査 報告書,清水雄一郎(一般財団法人日本品質保証機構),"製造産業局
産業機械課
ロボット政策室",https://www.meti.go.jp/meti_lib/report/2023FY/000581.pdf
METI,2025-03-18,"令和５年度コンテンツ海外展開促進事業
（音楽産業の新たな時代に即したビジネスモデルの在り方に関する実態調査）調査報告書（英語版）",三菱総合研究所,"商務情報政策局
コンテンツ産業課",https://www.meti.go.jp/meti_lib/report/2023FY/000582.pdf
METI,2025-03-18,令和５年度中小企業の人材確保に関する調査事業（中小企業実態調査委託費）調査報告書,みらいワークス,"関東経済産業局
地域経済部
産業人材政策課",https://www.meti.go.jp/meti_lib/report/2023FY/000588.pdf
METI,2025-03-18,令和５年度産業経済研究委託事業（職務給・ジョブ型人事制度の導入・運用に関する法的論点の整理、及び法的ガイダンス（案）の作成に関連する調査研究事業）調査報告書,森・濱田松本法律事務所,"経済産業政策局
産業人材課",https://www.meti.go.jp/meti_lib/report/2023FY/000590.pdf
METI,2025-03-18,令和５年度沖縄における健康経営推進企業を対象とした健康投資効果分析調査事業報告書,アイセック,"内閣府
沖縄総合事務局
経済産業部企画振興課",https://www.meti.go.jp/meti_lib/report/2023FY/000593.pdf
METI,2025-03-17,令和5年度国内における温室効果ガス排出削減・吸収量認証制度の実施委託費（Ｊ－クレジット制度推進のための地域支援事業　関東局）事業報告書,環境経済,"関東経済産業局
資源エネルギー環境部
カーボンニュートラル推進課",https://www.meti.go.jp/meti_lib/report/2023FY/000549.pdf
METI,2025-03-17,令和５年度洋上風力発電導入拡大調査支援事業（系統確保スキームにおける発電設備出力及び系統接続等調査業務）報告書,パシフィックコンサルタンツ,"資源エネルギー庁
省エネルギー・新エネルギー部
新エネルギー課風力政策室",https://www.meti.go.jp/meti_lib/report/2023FY/000550.pdf
METI,2025-03-17,令和５年度法定経営指導員制度評価業務～経営発達支援事業実施状況報告結果に関わる分析結果報告～,エイチ・エーエル,"中小企業庁
経営支援部
小規模企業振興課",https://www.meti.go.jp/meti_lib/report/2023FY/000551.pdf
METI,2025-03-17,令和５年度洋上風力発電導入拡大調査支援事業（洋上風力発電の事業者選定に係る公募評価支援業務（秋田県沖））報告書,建設技術研究所,"資源エネルギー庁
省エネルギー・新エネルギー部
新エネルギー課風力政策室",https://www.meti.go.jp/meti_lib/report/2023FY/000552.pdf
METI,2025-03-17,令和５年度洋上風力発電導入拡大調査支援事業（洋上風力発電の事業者選定に係る公募評価支援業務（新潟県沖、長崎県沖））報告書,EYストラテジーアンドコンサルティング,"資源エネルギー庁
省エネルギー・新エネルギー部
新エネルギー課風力政策室",https://www.meti.go.jp/meti_lib/report/2023FY/000553.pdf
METI,2025-03-17,令和５年度化学物質規制対策（化管法届出外排出量推計に関する調査）報告書,一般社団法人環境情報科学センター,"産業保安・安全グループ
化学物質管理課
化学物質リスク評価室",https://www.meti.go.jp/meti_lib/report/2023FY/000554.pdf
METI,2025-03-17,令和５年度新たな経済指標開発に関する調査研究事業報告書,アイスタット,"大臣官房
調査統計グループ
経済解析室",https://www.meti.go.jp/meti_lib/report/2023FY/000555.pdf
METI,2025-03-17,令和５年度統計調査業務改善に関する調査研究事業報告書,富士ソフト,"大臣官房
調査統計グループ
経済解析室",https://www.meti.go.jp/meti_lib/report/2023FY/000556.pdf
METI,2025-03-17,令和５年度固定価格買取制度等効率的･安定的運用業務事業（ITテクノロジーを活用した再エネ発電設備の設置状況や稼働状況の確認に関する調査）報告書,パスコ,"資源エネルギー庁
省エネルギー・新エネルギー部
新エネルギー課再生可能エネルギー推進室",https://www.meti.go.jp/meti_lib/report/2023FY/000557.pdf
METI,2025-03-17,令和５年度固定価格買取制度等の効率的・安定的な運用のための業務（適正な再生可能エネルギーの導入等に関する調査）報告書,EYストラテジーアンドコンサルティング,"資源エネルギー庁
省エネルギー・新エネルギー部
新エネルギー課再生可能エネルギー推進室",https://www.meti.go.jp/meti_lib/report/2023FY/000558.pdf
METI,2025-03-17,令和５年度固定価格買取制度等効率的・安定的運用業務事業（固定価格買取制度等における認定審査等の効率化支援業務）報告書,スタッフサービス,"資源エネルギー庁
省エネルギー・新エネルギー部
新エネルギー課再生可能エネルギー推進室",https://www.meti.go.jp/meti_lib/report/2023FY/000559.pdf
METI,2025-03-17,令和5年度中小企業・小規模事業者ワンストップ総合支援事業（専門家派遣関係調査及び事務処理等実施機関の運営事業）調査報告書,パソナ,"中小企業庁
経営支援部
経営支援課",https://www.meti.go.jp/meti_lib/report/2023FY/000560.pdf
METI,2025-03-17,令和５年度産業経済研究調査事業(経済産業省の組織経営改革を支える人事管理システムのあり方に関する調査)調査報告資料,ボストン・コンサルティング・グループ,"大臣官房
秘書課",https://www.meti.go.jp/meti_lib/report/2023FY/000561.pdf
METI,2025-03-17,令和5年度経済産業省デジタルプラットフォーム構築事業（専門家派遣システムの改修、保守運用、調査事業）調査報告書,アルサーガパートナーズ,"中小企業庁
経営支援部
経営支援課",https://www.meti.go.jp/meti_lib/report/2023FY/000562.pdf
METI,2025-03-14,令和５年度広域関東圏における半導体産業振興・人材育成確保に向けた課題解決モデル調査事業報告書,国立研究開発法人産業技術総合研究所,"関東経済産業局
地域経済部
デジタル経済課",https://www.meti.go.jp/meti_lib/report/2023FY/000527.pdf
METI,2025-03-14,令和５年度　特定国の輸入停止措置等に対応するための水産物の販路開拓及び国内加工基盤強化に関する調査事業　報告書,北海道二十一世紀総合研究所,"北海道経済産業局
地域経済部
食・観光産業課",https://www.meti.go.jp/meti_lib/report/2023FY/000528.pdf
METI,2025-03-14,令和５年度　特定国の輸入停止措置等に対応するための水産物の販路開拓及び国内加工基盤強化に関する調査事業　調査報告書（概要版）,北海道二十一世紀総合研究所,"北海道経済産業局
地域経済部
食・観光産業課",https://www.meti.go.jp/meti_lib/report/2023FY/000529.pdf
METI,2025-03-14,令和5年度中小企業実態調査事業（地域・社会における価値創出を担うキーパーソン人材の発掘・深掘と当該人材の活動が及ぼす社会的影響・価値の言語化試行を通じた地域の包摂的成長への貢献可能性調査）地域と価値とビジネスをめぐる探求,ロフトワーク,"近畿経済産業局
総務企画部
中小企業政策調査課",https://www.meti.go.jp/meti_lib/report/2023FY/000530.pdf
METI,2025-03-14,BE THE LOVED COMPANY REPORT 2.0 社員に、顧客に、地域に、社会に「愛される会社」になろう,ロフトワーク,"近畿経済産業局
総務企画部
中小企業政策調査課",https://www.meti.go.jp/meti_lib/report/2023FY/000531.pdf
METI,2025-03-14,令和５年度次世代サステナブル技術を活用した知財エコシステム構築事業-報告書-,一般財団法人四国産業・技術振興センター,"四国経済産業局
地域経済部
地域経済課産業技術室",https://www.meti.go.jp/meti_lib/report/2023FY/000532.pdf
METI,2025-03-14,令和５年度地域経済産業活性化対策調査事業（繊維産地活性化のためのサプライチェーン連携強化調査）成果報告書　概要版,伊藤忠ファッションシステム,"中国経済産業局
地域経済部
製造産業課",https://www.meti.go.jp/meti_lib/report/2023FY/000533.pdf
METI,2025-03-14,令和５年度エネルギー需給構造高度化対策に関する調査等事業（電力分野のサイバーセキュリティ対策の向上に向けた調査）報告書,三菱総合研究所,"資源エネルギー庁
電力・ガス事業部
電力産業・市場室",https://www.meti.go.jp/meti_lib/report/2023FY/000534.pdf
METI,2025-03-14,令和5年度デジタル取引環境整備事業（データ連携のためのモデル規約に関する調査研究及び会合運営）調査報告書,エヌ・ティ・ティ・データ経営研究所,"商務情報政策局
情報経済課",https://www.meti.go.jp/meti_lib/report/2023FY/000536.pdf
METI,2025-03-14,令和５年度質の高いエネルギーインフラの海外展開に向けた事業実施可能性調査事業（インド国・日本とのグリーンアンモニア供給バリューチェーンの最適化並びに日本の技術を活用したグリーン尿素製造に関する事業化調査事業）調査報告書,興和,"資源エネルギー庁
省エネルギー・新エネルギー部
水素・アンモニア課",https://www.meti.go.jp/meti_lib/report/2023FY/000538.pdf
METI,2025-03-14,令和５年度質の高いエネルギーインフラの海外展開に向けた事業実施可能性調査事業（インド国・日本とのグリーンアンモニア供給バリューチェーンの最適化並びに日本の技術を活用したグリーン尿素製造に関する事業化調査事業）調査報告書,東洋エンジニアリング,"資源エネルギー庁
省エネルギー・新エネルギー部
水素・アンモニア課",https://www.meti.go.jp/meti_lib/report/2023FY/000538.pdf
METI,2025-03-14,令和５年度燃料安定供給対策調査等事業（CCS 事業に関する法律の検討に係る法務調査等）報告書,西村あさひ法律事務所,"資源エネルギー庁
資源・燃料部
燃料環境適合利用推進課:",https://www.meti.go.jp/meti_lib/report/2023FY/060539.pdf
METI,2025-03-14,令和５年度燃料安定供給対策調査等事業（２０５０年カーボンニュートラルに向けたＣＣＳの事業環境整備やCCS行動計画等に関する調査）調査報告書,公益財団法人地球環境産業技術研究機構,"資源エネルギー庁
資源・燃料部
燃料環境適合利用推進課",https://www.meti.go.jp/meti_lib/report/2023FY/000541.pdf
METI,2025-03-14,令和5 年度 内外一体の経済成長戦略構築にかかる国際経済調査事業(社会課題解決に資するイノベーション推進・市場創出に関する施策の立案検討のための調査・普及に関する事業)最終報告書,デロイトトーマツファイナンシャルアドバイザリー合同会社,"産業技術環境局
総務課",https://www.meti.go.jp/meti_lib/report/2023FY/000543.pdf
METI,2025-03-14,令和５年度執行管理業務におけるアウトソーシングに関する調査報告書,PwCJapan有限責任監査法人,"近畿経済産業局
地域経済部
産業技術課",https://www.meti.go.jp/meti_lib/report/2023FY/000544.pdf
METI,2025-03-14,令和５年度燃料安定供給対策調査等事業（石油産業に係る環境規制等に関する調査）調査報告書（公表用）,一般財団法人石油エネルギー技術センター,"資源エネルギー庁
資源・燃料部
燃料供給基盤整備課",https://www.meti.go.jp/meti_lib/report/2023FY/000546.pdf
METI,2025-03-14,令和５年度燃料安定供給対策調査等事業 （次世代燃料の普及促進及び石油精製の技術動向に関する調査）調査報告書（公表用）,一般財団法人石油エネルギー技術センター,"資源エネルギー庁
資源・燃料部
燃料供給基盤整備課",https://www.meti.go.jp/meti_lib/report/2023FY/000547.pdf
METI,2025-03-14,令和５年度燃料安定供給対策調査等事業（合成燃料の導入及び活用拡大に向けた検討事業）報告書,アーサー・ディ・リトル・ジャパン,"資源エネルギー庁
資源・燃料部
燃料供給基盤整備課",https://www.meti.go.jp/meti_lib/report/2023FY/000548.pdf
METI,2025-03-12,令和５年度金融機関等における中小企業の経営支援の在り方に関する分析事業報告書,帝国データバンク,"中小企業庁
事業環境部
金融課",https://www.meti.go.jp/meti_lib/report/2023FY/000217.pdf
METI,2025-03-12,令和５年度補正グローバルサウス未来志向型共創等事業（高度外国人材受入れ拡大に向けた各国大学と現地雇用の実態等に係る調査）報告書,三菱UFJリサーチ&コンサルティング,"通商政策局
貿易振興課
技術・人材協力室　",https://www.meti.go.jp/meti_lib/report/2023FY/000484.pdf
METI,2025-03-12,令和５年度補正グローバルサウス未来志向型共創等事業（高度外国人材受入れ拡大に向けた各国大学と現地雇用の実態等に係る調査）グローバルハウス大学ガイドブック,三菱UFJリサーチ&コンサルティング,"通商政策局
貿易振興課
技術・人材協力室　",https://www.meti.go.jp/meti_lib/report/2023FY/000485.pdf
METI,2025-03-12,令和５年度原子力の利用状況等に関する調査事業（海外諸国の処理水の取扱い状況及び多核種除去設備等処理水の処分技術等に関する調査等）報告書,三菱ケミカルリサーチ,"資源エネルギー庁
電力・ガス事業部
原子力発電所事故収束対応室",https://www.meti.go.jp/meti_lib/report/2023FY/000487.pdf
METI,2025-03-12,令和５年度商取引・サービス環境の適正化に係る事業（家事支援サービス業の実態把握・活用推進に係る調査）調査報告書,日本総合研究所,"商務・サービスグループ
サービス政策課",https://www.meti.go.jp/meti_lib/report/2023FY/000488.pdf
METI,2025-03-12,令和5年度事業承継・引継ぎ支援センター等による社会的経営資源事業者支援の在り方に関する調査（「地域サプライチェーン」に対する新たな経営支援の在り方に関する調査報告書）,船井総研デジタル,"近畿経済産業局
産業部
中小企業課",https://www.meti.go.jp/meti_lib/report/2023FY/000489.pdf
METI,2025-03-12,令和５年度内外一体の経済成長戦略構築にかかる国際経済調査事業（国内外における繊維産業の環境及び繊維資源の循環利用に関する調査）調査報告書,日本総合研究所,"製造産業局
生活製品課",https://www.meti.go.jp/meti_lib/report/2023FY/000493.pdf
METI,2025-03-12,令和５年度中小企業実態調査事業（小規模事業者支援に関する調査事業）報告書,帝国データバンク,"中小企業庁
経営支援部
小規模企業振興課",https://www.meti.go.jp/meti_lib/report/2023FY/000494.pdf
METI,2025-03-12,令和５年度商取引・サービス環境の適正化に係る事業（医療機器産業ビジョン構築のための調査）調査報告書,ドゥリサーチ研究所,"商務・サービスグループ
医療・福祉機器産業室",https://www.meti.go.jp/meti_lib/report/2023FY/000495.pdf
METI,2025-03-12,令和5 年度産業保安等技術基準策定研究開発等事業（消費生活用製品安全法の特定製品安全性等調査確認）調査報告書,みずほリサーチ&テクノロジーズ,"産業保安・安全グループ
製品安全課",https://www.meti.go.jp/meti_lib/report/2023FY/000496.pdf
METI,2025-03-12,東日本大震災グループ補助金フォローアップ（中小企業等グループ施設等復旧整備補助金）令和5年12月実施,ユーメディア,"東北経済産業局
産業部産業振興課
東日本大震災復興推進室",https://www.meti.go.jp/meti_lib/report/2023FY/000499.pdf
METI,2025-03-12,令和５年度固定価格買取制度等の効率的・安定的な運用のための業務（近畿経済産業局の固定価格買取制度等における事業計画実施等の適正化事業）概要,エコリンクス,"近畿経済産業局
資源エネルギー環境部
エネルギー対策課",https://www.meti.go.jp/meti_lib/report/2023FY/000500.pdf
METI,2025-03-12,令和5年度固定価格買取制度等の効率的・安定的な運用のための業務（北海道経済産業局の固定価格買取制度等における事業計画実施状況等の円滑な遂行に関する調査）調査報告書,道銀地域総合研究所,"北海道経済産業局
資源エネルギー環境部
エネルギー対策課",https://www.meti.go.jp/meti_lib/report/2023FY/000501.pdf
METI,2025-03-12,令和5年度固定価格買取制度等の効率的・安定的な運用のための業務（北海道経済産業局の固定価格買取制度等における事業計画実施状況等の円滑な遂行に関する調査）調査報告書＜概要版＞,道銀地域総合研究所,"北海道経済産業局
資源エネルギー環境部
エネルギー対策課",https://www.meti.go.jp/meti_lib/report/2023FY/000502.pdf
METI,2025-03-12,令和５年度ヘルスケア産業基盤高度化推進事業（サステナブルな高齢化社会実現及び当事者参画型開発普及に向けた関連事業）報告書,日本総合研究所,"商務・サービスグループ
ヘルスケア産業課",https://www.meti.go.jp/meti_lib/report/2023FY/000507.pdf
METI,2025-03-12,令和５年度燃料安定供給対策調査等事業（CCSバリューチェーン構築の検討に係る調査等事業）最終報告書,三菱総合研究所,"資源エネルギー庁
資源・燃料部
燃料環境適合利用推進課",https://www.meti.go.jp/meti_lib/report/2023FY/000509.pdf
METI,2025-03-12,令和５年度燃料安定供給対策調査等事業（CO2パイプラインの技術的ガイドラインに関する調査）報告書,一般財団法人エンジニアリング協会,"資源エネルギー庁
資源・燃料部
燃料環境適合利用推進課",https://www.meti.go.jp/meti_lib/report/2023FY/000510.pdf
METI,2025-03-12,令和５年度エネルギー需給構造高度化基準認証推進事業（産業用ヒートポンプ及び産業用冷蔵冷凍装置の国際ルール形成戦略に係る調査研究）調査報告書,野村総合研究所,"製造産業局
産業機械課",https://www.meti.go.jp/meti_lib/report/2023FY/000511.pdf
METI,2025-03-12,令和５年度石油・ガス供給等保安対策調査等事業費（安全技術普及事業(事故発生原因分析等調査)）報告書,特別民間法人高圧ガス保安協会,"産業保安グループ
保安課
ガス安全室",https://www.meti.go.jp/meti_lib/report/2023FY/000512.pdf
METI,2025-03-12,令和５年度産業経済研究委託調査事業（事業再編の実態等に関する調査）調査報告書,長島・大野・常松法律事務所,"経済産業政策局
産業組織課",https://www.meti.go.jp/meti_lib/report/2023FY/000513.pdf
METI,2025-03-12,令和５年度地域デジタル人材育成・確保推進事業（ゲーミフィケーションを活用した人材育成等に関する調査事業）報告書,KPMGコンサルティング,"商務・サービスグループ
文化創造産業課",https://www.meti.go.jp/meti_lib/report/2023FY/000515.pdf
METI,2025-03-12,令和５年度コンテンツ海外展開促進事業（映画産業における制作現場の適正化に向けた作品認定制度等に関するフォローアップ調査）報告書,三菱UFJリサーチ&コンサルティング,"商務・サービスグループ
文化創造産業課",https://www.meti.go.jp/meti_lib/report/2023FY/000516.pdf
METI,2025-03-12,令和５年度中小企業の防災・減災力の向上に向けたリスクファイナンス可視化ツールの開発等に関する調査報告書,東京海上ディーアール,"関東経済産業局
産業部中小企業課",https://www.meti.go.jp/meti_lib/report/2023FY/000517.pdf
METI,2025-03-12,令和５年度中小企業の防災・減災力の向上に向けたリスクファイナンス可視化ツールの開発等に関する調査報告書（概要版）,東京海上ディーアール,"関東経済産業局
産業部中小企業課",https://www.meti.go.jp/meti_lib/report/2023FY/000518.pdf
METI,2025-03-12,令和５年度事業 関西における再生医療関連拠点発掘･見学ツアー実現に向けた可能性調査事業 (関西における再生医療関連拠点情報),公益財団法人新産業創造研究機構,"近畿経済産業局
地域経済部
バイオ・医療機器技術振興課",https://www.meti.go.jp/meti_lib/report/2023FY/000519.pdf
METI,2025-03-12,2025年大阪・関西万博開催に伴う日本の魅力発信拡大に向けた国際イベント等誘致促進調査事業調査事業報告書,ソニー・ミュージックソリューションズ,"近畿経済産業局
総務企画部
2025NEXT関西企画室",https://www.meti.go.jp/meti_lib/report/2023FY/000520.pdf
METI,2025-03-12,令和５年度国際ルール形成・市場創造型標準化推進事業費（戦略的国際標準化加速事業ルール形成戦略に係る調査研究（デジタルライフラインの仕様・規格に関する調査））調査報告書,PwCコンサルティング合同会社,"商務情報政策局
情報経済課",https://www.meti.go.jp/meti_lib/report/2023FY/000521.pdf
METI,2025-03-12,令和５年度「無人自動運転等のCASE対応に向けた実証・支援事業（MICE×MaaSによる発展可能性調査）」報告書,ダン計画研究所,"近畿経済産業局
地域経済部
地域連携推進課",https://www.meti.go.jp/meti_lib/report/2023FY/000522.pdf
METI,2025-03-12,令和5年度次代の産業クラスター政策としての「Local X Lab.」事業の発掘、磨き上げ実証事業　調査報告書,地域計画建築研究所,"近畿経済産業局
地域経済部
地域連携推進課",https://www.meti.go.jp/meti_lib/report/2023FY/000523.pdf
METI,2025-03-12,令和５年度産業経済研究委託事業（デジタルライフライン全国総合整備計画アーリーハーベストプロジェクトに関する調査）調査報告書,KESIKI,"商務情報政策局
情報経済課",https://www.meti.go.jp/meti_lib/report/2023FY/000526.pdf
METI,2025-03-12,令和５年度補正資源自律経済確立に向けた産官学連携加速化事業委託費（大阪・関西万博における循環経済実現のための展示・イベント企画調査）調査報告書,電通,"イノベーション・環境局
GXグループ
資源循環経済課 ",https://www.meti.go.jp/meti_lib/report/2023FY/000710.pdf
METI,2025-03-07,令和５年度製造業における外国人材受入れ支援事業事業報告書,三菱UFJリサーチ&コンサルティング,"製造産業局
総務課",https://www.meti.go.jp/meti_lib/report/2023FY/000211.pdf
METI,2025-03-07,令和５年度国内における温室効果ガス排出削減・吸収量認証制度の実施委託費（カーボンプライシングと脱炭素投資の関係性に関する調査）成果報告書,三菱総合研究所,"産業技術環境局
環境政策課環境経済室",https://www.meti.go.jp/meti_lib/report/2023FY/000270.pdf
METI,2025-03-07,令和５年度産業経済研究委託事業　米国の税制改正動向にかかる調査研究事業　調査報告書,EY税理士法人,"経済産業政策局
企業行動課",https://www.meti.go.jp/meti_lib/report/2023FY/000453.pdf
METI,2025-03-07,令和５年度学びと社会の連携促進事業（教育／EdTech イノベーション創出支援事業）報告書,野村総合研究所,"商務・サービスグループサービス政策課
教育産業室",https://www.meti.go.jp/meti_lib/report/2023FY/000461.pdf
METI,2025-03-07,令和5年度燃料安定供給対策調査等事業（化石燃料補助金改革に係る調査等事業）調査報告書,デロイトトーマツコンサルティング合同会社,"資源エネルギー庁
資源・燃料部
政策課",https://www.meti.go.jp/meti_lib/report/2023FY/000462.pdf
METI,2025-03-07,令和５年度内外一体の経済成長戦略構築にかかる国際経済調査事業（主要国・地域における貿易措置等の国際ルール整合性に関する調査）報告書,渥美坂井法律事務所弁護士法人,"通商政策局
国際経済部
国際経済紛争対策室",https://www.meti.go.jp/meti_lib/report/2023FY/000464.pdf
METI,2025-03-07,【報告書】令和５年度内外一体の経済成長戦略構築にかかる国際経済調査事業（製造業を中心とした企業のグローバル競争力強化に向けた　 コーポレート・トランスフォーメーションに関する調査）,NTTデータ,"製造産業局
総務課 ",https://www.meti.go.jp/meti_lib/report/2023FY/000465.pdf
METI,2025-03-07,令和５年度中⼩企業取引対策事業（素形材産業を取り巻く国内外の環境変化を踏まえた取引実態等に関する調査）調査報告書 ,事業革新パートナーズ,"製造産業局
素形材産業室",https://www.meti.go.jp/meti_lib/report/2023FY/000466.pdf
METI,2025-03-07,令和５年度社会的起業家に対する投資促進・機運醸成に向けた調査・広報事業事業報告書,有限責任監査法人トーマツ,"中国経済産業局
地域経済部
イノベーション推進課",https://www.meti.go.jp/meti_lib/report/2023FY/000467.pdf
METI,2025-03-07,令和５年度中小企業等環境問題対策調査容器包装リサイクル推進調査（容器包装廃棄物使用合理化調査、再商品化義務履行状況調査及び容器包装リサイクル関連調査）報告書,エヌ・ティ・ティ・データ経営研究所,"イノベーション・環境局
GXグループ
資源循環経済課",https://www.meti.go.jp/meti_lib/report/2023FY/000468.pdf
METI,2025-03-07,令和５年度石油・ガス供給等に係る保安対策調査等事業（石油精製プラント等の事故調査）報告書,高圧ガス保安協会,"産業保安グループ
高圧ガス保安室",https://www.meti.go.jp/meti_lib/report/2023FY/000470.pdf
METI,2025-03-07,令和5年度産業経済研究委託事業（中堅企業政策立案に向けた売上高等各種データに関する調査分析事業）最終報告書,東京商工リサーチ市場調査部営業本部,"経済産業政策局
地域経済産業政策課",https://www.meti.go.jp/meti_lib/report/2023FY/000471.pdf
METI,2025-03-07,令和５年度技術開発調査等推進事業（事業会社の有する革新的な技術等の活用によるディープテック・スタートアップ・エコシステムの形成促進に関する調査）報告書,野村総合研究所,"イノベーション・環境局
イノベーション創出新事業推進課",https://www.meti.go.jp/meti_lib/report/2023FY/000475.pdf
METI,2025-03-07,令和５年度流通・物流の効率化・付加価値創出に係る基盤構築事業（流通テックの拡大に向けた課題調査・コンテスト実施）報告書,みずほリサーチ&テクノロジーズ,"商務・サービスグループ
消費・流通政策課",https://www.meti.go.jp/meti_lib/report/2023FY/000477.pdf
METI,2025-03-07,令和5年度補正グローバルサウス未来志向型共創等事業（インドにおける大学との共創によるイノベーションに関する調査事業）報告書,野村総合研究所,"通商政策局
貿易振興課
技術・人材協力室",https://www.meti.go.jp/meti_lib/report/2023FY/000478.pdf
METI,2025-03-07,令和５年度中小企業実態調査事業（未婚化・晩婚化・晩産化等の少子化対策関連サービス産業基盤調査事業）調査報告書,日本総合研究所,"商務・サービスグループ
サービス政策課",https://www.meti.go.jp/meti_lib/report/2023FY/000481.pdf
METI,2025-03-07,令和５年度エネルギー需給構造高度化対策に関する調査等事業（同時市場に関する詳細設計等に係る調査等事業）,三菱総合研究所,"資源エネルギー庁
電力・ガス事業部
電力産業・市場室　",https://www.meti.go.jp/meti_lib/report/2023FY/000482.pdf
METI,2025-03-07,令和５年度エネルギー需給構造高度化対策に関する調査等事業（諸外国における電力システム改革に関する調査）報告書,一般財団法人日本エネルギー経済研究所,"資源エネルギー庁
電力・ガス事業部
電力産業・市場室",https://www.meti.go.jp/meti_lib/report/2023FY/000483.pdf
METI,2025-03-07,令和５年度補正資源自律経済確立産官学連携加速化事業（サーキュラーエコノミー情報流通プラ ットフォームの調査・検証に関するオープンイノベーション事業）調査報告書,NTTデータ,"イノベーション・環境局
GXグループ
資源循環経済課",https://www.meti.go.jp/meti_lib/report/2023FY/000702.pdf
METI,2025-03-07,令和５年度燃料安定供給対策調査等事業（カーボンリサイクルの社会実装実現に向けた調査）報告書,一般財団法人日本エネルギー経済研究所,"資源エネルギー庁
資源・燃料部
燃料環境適合利用推進課",https://www.meti.go.jp/meti_lib/report/2023FY/000824.pdf
METI,2025-02-28,令和５年度産業保安等技術基準策定研究開発等事業（産業保安分野における投資効果及び人材育成策等に関する調査）調査報告書,アクセンチュア,"産業保安グループ
産業保安企画室",https://www.meti.go.jp/meti_lib/report/2023FY/000206.pdf
METI,2025-02-28,令和５年度国内における温室効果ガス排出削減・吸収量認証制度の実施委託費（世界全体でのカーボンニュートラル実現のための経済的手法等のあり方に関する調査）調査報告書,一般財団法人日本エネルギー経済研究所,"産業技術環境局
環境経済室",https://www.meti.go.jp/meti_lib/report/2023FY/000218.pdf
METI,2025-02-28,令和5年度グリーン・トランスフォーメーションリーグ運営事業費（カーボン・クレジット市場の取引活性化等事業)調査報告書,東京証券取引所,"技術環境局
環境経済室",https://www.meti.go.jp/meti_lib/report/2023FY/000271.pdf
METI,2025-02-28,令和５年度エネルギー需給構造高度化対策調査等事業（需要側の非化石エネルギーへの転換等の促進に関する調査事業）報告書,一般財団法人日本エネルギー経済研究所,"資源エネルギー庁
省エネルギー・新エネルギー部
省エネルギー課",https://www.meti.go.jp/meti_lib/report/2023FY/000448.pdf
METI,2025-02-28,令和５年度産業保安等技術基準策定研究開発等事業（高圧ガス容器に関連する規制等の見直し等調査）報告書,高圧ガス保安協会,"産業保安グループ
高圧ガス保安室",https://www.meti.go.jp/meti_lib/report/2023FY/000449.pdf
METI,2025-02-28,令和５年度規制改革推進のための国際連携事業（イノベーションの促進に資するAIガバナンスに関する国際的な動向の調査）最終報告者,PwCコンサルティング合同会社,"商務情報政策局
情報経済課",https://www.meti.go.jp/meti_lib/report/2023FY/000451.pdf
METI,2025-02-28,令和５年度産業経済研究委託事業（日本企業の税務対応状況等に係る調査研究及び経済社会構造の変化と税制に関する調査事業）報告書,三菱UFJリサーチ&コンサルティング,"経済産業政策局
企業行動課",https://www.meti.go.jp/meti_lib/report/2023FY/000452.pdf
METI,2025-02-28,令和５年度　製造基盤技術実態等調査（伝統的工芸品産業の支援に係る実態調査等事業）報告書,文化科学研究所,"製造産業局
生活製品課
伝統的工芸品産業室",https://www.meti.go.jp/meti_lib/report/2023FY/000469.pdf
METI,2025-02-28,令和5年度燃料安定供給対策調査等事業(潤滑油産業のカーボンニュートラル化に向けた取組動向調査・分析等事業)調査報告書,一般社団法人潤滑油協会,"資源エネルギー庁
資源・燃料部
燃料供給基盤整備課",https://www.meti.go.jp/meti_lib/report/2023FY/000525.pdf
METI,2025-02-28,令和５年度質の高いエネルギーインフラの海外展開に向けた事業実施可能性調査事業  タイ王国・BLCP石炭火力発電所におけるアンモニア混焼に向けた技術適用や経済性評価、CO2削減計画等に関する事業実施可能性調査事業　事業報告書,JERA,"資源エネルギー庁
省エネルギー・新エネルギー部
水素・アンモニア課",https://www.meti.go.jp/meti_lib/report/2023FY/000537.pdf
METI,2025-02-28,令和５年度質の高いエネルギーインフラの海外展開に向けた事業実施可能性調査事業  タイ王国・BLCP石炭火力発電所におけるアンモニア混焼に向けた技術適用や経済性評価、CO2削減計画等に関する事業実施可能性調査事業　事業報告書,三菱重工,"資源エネルギー庁
省エネルギー・新エネルギー部
水素・アンモニア課",https://www.meti.go.jp/meti_lib/report/2023FY/000537.pdf
METI,2025-02-28,令和５年度質の高いエネルギーインフラの海外展開に向けた事業実施可能性調査事業  タイ王国・BLCP石炭火力発電所におけるアンモニア混焼に向けた技術適用や経済性評価、CO2削減計画等に関する事業実施可能性調査事業　事業報告書,三菱商事マシナリ,"資源エネルギー庁
省エネルギー・新エネルギー部
水素・アンモニア課",https://www.meti.go.jp/meti_lib/report/2023FY/000537.pdf
METI,2025-02-28,令和５年度質の高いエネルギーインフラの海外展開に向けた事業実施可能性調査事業  タイ王国・BLCP石炭火力発電所におけるアンモニア混焼に向けた技術適用や経済性評価、CO2削減計画等に関する事業実施可能性調査事業　事業報告書,日本工営,"資源エネルギー庁
省エネルギー・新エネルギー部
水素・アンモニア課",https://www.meti.go.jp/meti_lib/report/2023FY/000537.pdf
METI,2025-02-06,令和５年度石油・ガス供給等保安対策調査等事業費（自然災害によるＬＰガス設備の被害に関する予見可能性調査）調査報告書,パスコ,"産業保安グループ
ガス安全室",https://www.meti.go.jp/meti_lib/report/2023FY/000446.pdf
METI,2025-02-06,令和５年度石油・ガス供給等保安対策調査等　地域保安指導事業報告書,エヌ・ティ・ティ・データ経営研究所,"産業保安グループ
保安課ガス安全室",https://www.meti.go.jp/meti_lib/report/2023FY/000447.pdf
METI,2025-02-03,令和５年度規制改革推進のための国際連携事業（データの越境移転に係る国内のニーズに関する動向調査）調査報告書,みずほリサーチ&テクノロジーズ,商務情報政策局総務課国際室,https://www.meti.go.jp/meti_lib/report/2023FY/000236.pdf
METI,2025-02-03,令和５年度スポーツDX促進事業（スポーツ団体の収益拡大に向けたDX推進実証事業）報告書,データスタジアム,商務・サービスグループサービス政策課スポーツ産業室,https://www.meti.go.jp/meti_lib/report/2023FY/000320.pdf
METI,2025-02-03,令和５年度スポーツDX促進事業（スポーツ団体の収益拡大に向けたDX推進実証事業）事業実施報告書,playground,商務・サービスグループサービス政策課スポーツ産業室,https://www.meti.go.jp/meti_lib/report/2023FY/000341.pdf
METI,2025-02-03,令和５年度スポーツDX促進事業（スポーツ団体の収益拡大に向けたDX推進実証事業）最終報告書,スクラムスタジオ,商務・サービスグループサービス政策課スポーツ産業室,https://www.meti.go.jp/meti_lib/report/2023FY/000343.pdf
METI,2025-02-03,令和５年度エネルギー需給統計整備等調査（都道府県別エネルギー消費統計の整備に関する調査）報告書,エム・アール・アイリサーチアソシエイツ,資源エネルギー庁長官官房総務課戦略企画室,https://www.meti.go.jp/meti_lib/report/2023FY/000395.pdf
METI,2025-02-03,令和５年度エネルギー需給統計整備等調査事業（エネルギー消費統計調査の集計及び利用分析に係る調査研究）報告書,エム・アール・アイリサーチアソシエイツ,資源エネルギー庁長官官房総務課戦略企画室,https://www.meti.go.jp/meti_lib/report/2023FY/000396.pdf
METI,2025-02-03,令和５年度中小企業政策推進事業委託費（福島イノベーション・コースト構想の在り方に関する検討会（仮称）の運営・資料作成及び関連調査事業）,EYストラテジーアンドコンサルティング,大臣官房福島復興推進グループ 福島新産業・雇用創出推進室,https://www.meti.go.jp/meti_lib/report/2023FY/000398.pdf
METI,2025-02-03,令和５年度エネルギー需給構造高度化対策に関する調査等事業（ドイツにおけるガス利用の節約の実態に関する調査）報告書,矢野経済研究所,"資源エネルギー庁
電力・ガス事業部
ガス市場整備室",https://www.meti.go.jp/meti_lib/report/2023FY/000441.pdf
METI,2025-02-03,令和５年度産業経済研究委託調査事業（我が国の投資事業有限責任組合の在り方に関する調査）調査報告書,有限責任あずさ監査法人,経済産業政策局産業組織課,https://www.meti.go.jp/meti_lib/report/2023FY/000442.pdf
METI,2025-02-03,令和５年度「低レベル放射性廃棄物の処分に関する技術開発事業（原子力発電所等金属廃棄物利用技術確証試験）」報告書,三菱総合研究所,資源エネルギー庁電力・ガス事業部放射性廃棄物対策課,https://www.meti.go.jp/meti_lib/report/2023FY/000443.pdf
METI,2025-02-03,令和5年度小規模発電設備等保安力向上総合支援事業報告書,SOMPOリスクマネジメント,産業保安グループ電力安全課,https://www.meti.go.jp/meti_lib/report/2023FY/000444.pdf
METI,2025-02-03,令和５年度石油・ガス供給等保安対策調査等事業費（ＬＰガス保安規制に関する調査検討事業）調査報告書,特別民間法人高圧ガス保安協会,産業保安グループ保安課ガス安全室,https://www.meti.go.jp/meti_lib/report/2023FY/000445.pdf
METI,2024-12-21,令和５年度産業保安等技術基準策定調査研究等事業（火薬類事故防止対策、火薬類国際化対策事業）報告書  分冊１：火薬類事故防止対策事業,公益社団法人全国火薬類保安協会,"産業保安グループ
鉱山・火薬類監理官付",https://www.meti.go.jp/meti_lib/report/2023FY/000415.pdf
METI,2024-12-21,令和５年度産業保安等技術基準策定調査研究等事業（火薬類事故防止対策、火薬類国際化対策事業）報告書　分冊２：火薬類国際化対策事業,公益社団法人全国火薬類保安協会,"産業保安グループ
鉱山・火薬類監理官付",https://www.meti.go.jp/meti_lib/report/2023FY/000416.pdf
METI,2024-12-21,令和５年度産業経済研究委託事業（インパクトスタートアップの官民連携にかかる調査研究）調査報告書,EY新日本有限責任監査法人,"経済産業政策局
新規事業創造推進室",https://www.meti.go.jp/meti_lib/report/2023FY/000419.pdf
METI,2024-12-21,令和５年度ユニコーン創出支援事業（スタートアップの情報整備に関する調査）　報告書,PwCコンサルティング合同会社,"経済産業政策局
新規事業創造推進室",https://www.meti.go.jp/meti_lib/report/2023FY/000420.pdf
METI,2024-12-21,令和５年度エネルギー需給構造高度化対策に関する調査等事業（海外における合成メタン（e-methane）等に係る政策動向や国際的なレポート等に関する調査）報告書,みずほリサーチ&テクノロジーズ,"資源エネルギー庁
電力・ガス事業部
ガス市場整備室",https://www.meti.go.jp/meti_lib/report/2023FY/000423.pdf
METI,2024-12-21,令和５年度北海道における多様な分野での水素等の需要の創出に向けた調査等事業報告書,ドーコン,"北海道経済産業局
資源エネルギー環境部
資源エネルギー環境課",https://www.meti.go.jp/meti_lib/report/2023FY/000424.pdf
METI,2024-12-21,令和５年度エネルギー需給構造高度化対策調査等事業（道央圏におけるカーボンニュートラル推進自治体勉強会及び再エネ・水素等導入調査の実施）最終報告書,デロイトトーマツコンサルティング合同会社,"北海道経済産業局
資源エネルギー環境部
資源エネルギー環境課",https://www.meti.go.jp/meti_lib/report/2023FY/000425.pdf
METI,2024-12-21,令和５年度新エネルギー等導入促進広報等事業（北海道における需給一体型の再生可能エネルギー活用モデルに関する広報事業）最終報告書,デロイトトーマツコンサルティング合同会社,"北海道経済産業局
資源エネルギー環境部
資源エネルギー環境課",https://www.meti.go.jp/meti_lib/report/2023FY/000426.pdf
METI,2024-12-21,令和５年度固定価格買取制度等の効率的・安定的な運用のための業務（東北経済産業局の固定価格買取制度等における事業計画実施の適正化に向けた調査事業）報告書,スタッフサービス,"東北経済産業局
資源エネルギー環境部
エネルギー対策課",https://www.meti.go.jp/meti_lib/report/2023FY/000428.pdf
METI,2024-12-21,令和5年度二国間クレジット取得等のためのインフラ整備調査事業（JCM実現可能性調査業務）報告書,パシフィックコンサルタンツ,"GXグループ
地球環境対策室",https://www.meti.go.jp/meti_lib/report/2023FY/000429.pdf
METI,2024-12-21,令和５年度燃料安定供給対策調査等事業（今後の石油備蓄目標の在り方検討事業）最終報告書,野村総合研究所,"資源エネルギー庁
資源・燃料部
燃料供給基盤整備課",https://www.meti.go.jp/meti_lib/report/2023FY/000431.pdf
METI,2024-12-21,令和５年度ユニコーン創出支援事業（スタートアップが上場後も成長を続けるための調査研究）報告書,ユーザベース,"経済産業政策局
新規事業創造推進室",https://www.meti.go.jp/meti_lib/report/2023FY/000432.pdf
METI,2024-12-21,令和５年度デジタル取引環境整備事業 (AIガバナンスのルールに関する調査研究及び検討会運営) 調査報告書,ボストン・コンサルティング・グループ,"商務情報政策局
情報経済課",https://www.meti.go.jp/meti_lib/report/2023FY/000434.pdf
METI,2024-12-21,令和５年度商取引・サービス環境の適正化に係る事業(ヘルスケアスタートアップエコシステム形成に係る調査事業)報告書,有限責任監査法人トーマツ,"商務・サービスグループ
ヘルスケア産業課",https://www.meti.go.jp/meti_lib/report/2023FY/000435.pdf
METI,2024-12-21,令和５年度流通・物流の効率化・付加価値創出に係る基盤構築事業（「物流の２０２４ 年問題」等に対応した物流効率化推進に関する調査研究）調査報告書,KPMGコンサルティング,"商務・サービスグループ
物流企画室",https://www.meti.go.jp/meti_lib/report/2023FY/000436.pdf
METI,2024-12-19,令和５年度エネルギー需給構造高度化対策調査等事業（家庭部門におけるエネルギー小売事業者等による省エネ促進手法に関する調査）調査報告書,みずほリサーチ&テクノロジーズ,"資源エネルギー庁
省エネルギー・新エネルギー部
省エネルギー課　",https://www.meti.go.jp/meti_lib/report/2023FY/000301.pdf
METI,2024-12-19,令和５年度燃料安定供給対策調査等事業（石油製品の卸・小売価格モニタリング調査（産業用燃料納入価格調査・民生用灯油小売価格調査））調査報告書,一般財団法人日本エネルギー経済研究所,"資源エネルギー庁
資源・燃料部
燃料流通政策室",https://www.meti.go.jp/meti_lib/report/2023FY/000321.pdf
METI,2024-12-19,令和5年度燃料安定供給対策調査等事業（石油製品の卸・小売価格モニタリング調査（全国規模価格モニタリング調査（石油製品小売市況調査・石油製品卸売市況調査）））調査報告書,一般財団法人日本エネルギー経済研究所,"資源エネルギー庁
資源・燃料部
燃料流通政策室",https://www.meti.go.jp/meti_lib/report/2023FY/000322.pdf
METI,2024-12-19,令和５年度気候変動対策に係る国際会議の開催等によるエネルギー・環境技術イノベーション創出のための国際連携推進事業（ミッション・イノベーションを通じたクリーンエネルギー分野の革新技術開発に係る国際連携事業）調査報告書,一般財団法人エネルギー総合工学研究所,"産業技術環境局
総務課
国際室",https://www.meti.go.jp/meti_lib/report/2023FY/000327.pdf
METI,2024-12-19,令和５年度エネルギー需給構造高度化対策に関する調査等事業（建材トップランナー制度の見直しに向けた調査及び特定熱損失防止建築材料における現状分析調査）報告書,野村総合研究所,"資源エネルギー庁
省エネルギー・新エネルギー部
省エネルギー課",https://www.meti.go.jp/meti_lib/report/2023FY/000381.pdf
METI,2024-12-19,令和５年度エネルギー需給構造高度化対策調査等事業（水素等の政策立案に係る調査・分析等事業）成果報告書,みずほリサーチ&テクノロジーズ,"資源エネルギー庁
省エネルギー・新エネルギー部
水素・アンモニア課",https://www.meti.go.jp/meti_lib/report/2023FY/000404.pdf
METI,2024-12-19,令和５年度エネルギー需給構造高度化対策調査等事業（工場等におけるエネルギーの使用状況及び管理実態に関する調査事業）調査報告書,一般財団法人省エネルギーセンター,"資源エネルギー庁
省エネルギー・新エネルギー部
省エネルギー課",https://www.meti.go.jp/meti_lib/report/2023FY/000405.pdf
METI,2024-12-19,令和5年度エネルギー需給構造高度化対策調査等事業（国内外における水素・アンモニアサプライチェーン形成の効果検証に関する委託調査事業）報告書,デロイトトーマツコンサルティング合同会社,"資源エネルギー庁
省エネルギー・新エネルギー部
水素・アンモニア課",https://www.meti.go.jp/meti_lib/report/2023FY/000406.pdf
METI,2024-12-19,令和５年度産業経済研究委託事業（情報セキュリティサービス審査登録制度の在るべき姿の検討に向けての調査）調査報告書,みずほリサーチ&テクノロジーズ,"商務情報政策局
サイバーセキュリティ課",https://www.meti.go.jp/meti_lib/report/2023FY/000407.pdf
METI,2024-12-19,令和5年度産業サイバーセキュリティ強靭化事業(サイバーセキュリティ産業の振興に関する調査) 調査報告書,PwCコンサルティング合同会社,"商務情報政策局
サイバーセキュリティ課",https://www.meti.go.jp/meti_lib/report/2023FY/000408.pdf
METI,2024-12-19,令和５年度成長型中小企業等研究開発支援事業（中小企業のイノベーション創出を支援する「イノベーション・プロデューサー」による活動支援実証事業 実証事務局）事業報告書,デロイトトーマツファイナンシャルアドバイザリー合同会社,"中小企業庁
経営支援部
技術・経営革新課",https://www.meti.go.jp/meti_lib/report/2023FY/000409.pdf
METI,2024-12-19,令和５年度取引適正化等推進事業（価格交渉促進等に関する調査事業）報告書 取引適正化に向けた発注側企業の取り組み例,三菱UFJリサーチ&コンサルティング,"中小企業庁
事業環境部
取引課",https://www.meti.go.jp/meti_lib/report/2023FY/000410.pdf
METI,2024-12-19,令和５年度エネルギー需給構造高度化対策調査等事業（トップランナー制度等の見直しに向けた調査等）報告書,三菱総合研究所,"資源エネルギー庁
省エネルギー・新エネルギー部
省エネルギー課",https://www.meti.go.jp/meti_lib/report/2023FY/000411.pdf
METI,2024-12-19,令和５年度エネルギー需給構造高度化対策調査等事業（国際エネルギースタープログラム実施事業）報告書,ピーツーカンパニー,"資源エネルギー庁
省エネルギー・新エネルギー部
省エネルギー課",https://www.meti.go.jp/meti_lib/report/2023FY/000412.pdf
METI,2024-12-19,令和５年度エネルギー需給構造高度化対策調査等事業（特定エネルギー消費機器における現状分析調査事業）報告書,三菱UFJリサーチ&コンサルティング,"資源エネルギー庁
省エネルギー・新エネルギー部
省エネルギー課",https://www.meti.go.jp/meti_lib/report/2023FY/000413.pdf
METI,2024-12-04,令和５年度内外一体の経済成長戦略構築にかかる国際経済調査事業（ウクライナ経済復興にかかる事業可能性調査）調査報告書,パデコ,"製造産業局
国際プラント・インフラシステム・水ビジネス推進室",https://www.meti.go.jp/meti_lib/report/2023FY/000325.pdf
METI,2024-12-04,令和５年度中小企業実態調査事業（中小企業の欠損金、賃上げ実施状況の調査事業）報告書,一般社団法人CRD協会,"中小企業庁
事業環境部
企画課",https://www.meti.go.jp/meti_lib/report/2023FY/000326.pdf
METI,2024-12-04,令和 5 年度カーボンニュートラル実現シナリオ構築等に向けた国際連携事業（ミッション・イノベーションを通じた欧米等との脱炭素化協力事業）報告書,テクノバ,"産業技術環境局
総務課国際室",https://www.meti.go.jp/meti_lib/report/2023FY/000328.pdf
METI,2024-12-04,令和５年度産業保安等技術基準策定研究開発等事業（ポータブル電源の安全性能に係る技術基準等に関する調査）報告書概要,一般財団法人電気安全環境研究所,"産業保安グループ
製品安全課",https://www.meti.go.jp/meti_lib/report/2023FY/000329.pdf
METI,2024-12-04,令和５年度技術開発調査等推進事業(大学発ベンチャーの実態等に関する調査),日経BPコンサルティング,"産業技術環境局
技術振興・大学連携推進課
大学連携推進室",https://www.meti.go.jp/meti_lib/report/2023FY/000331.pdf
METI,2024-12-04,令和５年度地域経済政策推進事業委託費（原子力被災地域の可能性調査及び映像制作事業）成果報告書,チョコレイト,"大臣官房
福島復興推進グループ福島芸術文化推進室",https://www.meti.go.jp/meti_lib/report/2023FY/000334.pdf
METI,2024-12-04,令和５年度内外一体の経済成長戦略構築にかかる国際経済調査事業（太平洋島嶼国における社会課題解決型ビジネス展開支援に係る調査事業） 調査報告書 概要版,クニエ,"貿易経済協力局
貿易振興課",https://www.meti.go.jp/meti_lib/report/2023FY/000335.pdf
METI,2024-12-04,令和５年度内外一体の経済成長戦略構築にかかる国際経済調査事業（太平洋島嶼国における社会課題解決型ビジネス展開支援に係る調査事業） 調査報告書,クニエ,"貿易経済協力局
貿易振興課",https://www.meti.go.jp/meti_lib/report/2023FY/000336.pdf
METI,2024-12-04,令和５年度内外一体の経済成長戦略構築にかかる国際経済調査事業（太平洋島嶼国における社会課題解決型ビジネス展開支援に係る調査事業） 調査報告書 概要版（英文）,クニエ,"貿易経済協力局
貿易振興課",https://www.meti.go.jp/meti_lib/report/2023FY/000337.pdf
METI,2024-12-04,令和５年度産業保安等技術基準策定研究開発等事業（ポータブル電源の安全性能に係る技術基準等に関する調査）報告書,一般財団法人電気安全環境研究所,"産業保安グループ
製品安全課",https://www.meti.go.jp/meti_lib/report/2023FY/000338.pdf
METI,2024-12-04,令和５年度石油・ガス供給等に係る保安対策調査等事業（高圧ガス設備耐震設計手法のさらなる高度化に向けた調査研究）報告書,高圧ガス保安協会,"産業保安グループ
高圧ガス保安室",https://www.meti.go.jp/meti_lib/report/2023FY/000380.pdf
METI,2024-12-04,令和５年度原子力の利用状況等に関する調査（国内外における原子力政策・産業動向調査等）調査報告書,三菱総合研究所,"資源エネルギー庁
電力・ガス事業部
原子力政策課",https://www.meti.go.jp/meti_lib/report/2023FY/000382.pdf
METI,2024-12-04,令和５年度産業サイバーセキュリティ強靭化事業（IoT機器やソフトウェアのセキュリティ確保等に関する調査）報告書,三菱総合研究所,"商務情報政策局
サイバーセキュリティ課",https://www.meti.go.jp/meti_lib/report/2023FY/000383.pdf
METI,2024-12-04,令和５年度産業サイバーセキュリティ強靭化事業（サイバー・フィジカル・セキュリティ対策フレームワークの利活用に関する調査）報告書,日立製作所,"商務情報政策局
サイバーセキュリティ課",https://www.meti.go.jp/meti_lib/report/2023FY/000384.pdf
METI,2024-12-04,令和５年度産業経済研究委託事業（花粉症に係る影響等の調査）調査報告書             ,東急エージェンシープロミックス,"商務・サービスグループ
ヘルスケア産業課",https://www.meti.go.jp/meti_lib/report/2023FY/000392.pdf
METI,2024-11-30,"令和5年度事業承継・M＆A支援を活用した
地域経済活性化施策探求事業（市区町村コラボ）成果報告書（概要版）",PwCコンサルティング合同会社,"関東経済産業局
産業部
中小企業金融課",https://www.meti.go.jp/meti_lib/report/2023FY/000307.pdf
METI,2024-11-30,令和５年度「商品先物取引に関する委託者等の実態調査」報告書,アダムスコミュニケーション,"商務・サービスグループ
商取引監督課 ",https://www.meti.go.jp/meti_lib/report/2023FY/000357.pdf
METI,2024-11-30,令和5年度地域DX促進環境整備事業（産業用地確保にかかるソフト支援事業）調査報告書,一般財団法人日本立地センター,"地域経済産業グループ
地域産業基盤整備課",https://www.meti.go.jp/meti_lib/report/2023FY/000358.pdf
METI,2024-11-30,令和５年　中小企業実態基本調査報告書（令和４年度決算実績） 令和４年度～令和６年度中小企業実態基本調査の実施及び結果検証等事業（国庫債務負担行為に係るもの）,エム・アール・アイリサーチアソシエイツ,"中小企業庁
事業環境部
企画課調査室",https://www.meti.go.jp/meti_lib/report/2023FY/000359.pdf
METI,2024-11-30,令和５年度産業経済研究委託事業（化粧品産業の持続的な発展における今後の方向性に関する調査）,ソフィアリンクス,"商務・サービスグループ
生物化学産業課",https://www.meti.go.jp/meti_lib/report/2023FY/000364.pdf
METI,2024-11-30,令和５年度固定価格買取制度効率的・安定的運用業務事業（再生可能エネルギー発電設備の費用報告データ分析業務）報告書,三菱総合研究所,"資源エネルギー庁
省エネルギー・新エネルギー部
新エネルギー課",https://www.meti.go.jp/meti_lib/report/2023FY/000365.pdf
METI,2024-11-30,令和5年度エネルギー需給構造高度化対策調査等事業（省エネ法に基づく定期報告書等の分析・情報提供事業）報告書,エム・アール・アイリサーチアソシエイツ,"資源エネルギー庁
省エネルギー・新エネルギー部
省エネルギー課",https://www.meti.go.jp/meti_lib/report/2023FY/000366.pdf
METI,2024-11-30,令和5年度エネルギー需給構造高度化対策調査等事業（工場等及び荷主の判断基準遵守状況等の電子データ化調査事業）報告書,カンテック,"資源エネルギー庁
省エネルギー・新エネルギー部
省エネルギー課",https://www.meti.go.jp/meti_lib/report/2023FY/000367.pdf
METI,2024-11-30,令和５年度ヘルスケア産業基盤高度化推進事業（需給環境整備等事業）報告書,日本総合研究所,"商務・サービスグループ
ヘルスケア産業課",https://www.meti.go.jp/meti_lib/report/2023FY/000370.pdf
METI,2024-11-30,令和5年度ヘルスケア産業基盤高度化推進事業（ヘルスケアビジネス創出推進等事業）報告書,日本総合研究所,"商務・サービスグループ
ヘルスケア産業課",https://www.meti.go.jp/meti_lib/report/2023FY/000371.pdf
METI,2024-11-30,令和５年度内外一体の経済成長戦略構築にかかる国際経済調査事業（現下の世界経済情勢を踏まえた我が国企業の海外展開の実態及び課題把握に関する調査研究）報告書,東京商工リサーチ,"通商政策局
企画調査室",https://www.meti.go.jp/meti_lib/report/2023FY/000372.pdf
METI,2024-11-30,令和５年度商取引・サービス環境の適正化に係る事業（医療機器の供給強靭化に向けた半導体等の安定供給に関する調査）調査報告書,JFEテクノリサーチ,"商務・サービスグループ
ヘルスケア産業課
医療・福祉機器産業室",https://www.meti.go.jp/meti_lib/report/2023FY/000376.pdf
METI,2024-11-30,令和５年度石油・ガス供給等に係る保安対策調査等事業（高圧ガス分野の新たな認定制度の検討に向けた調査）報告書,高圧ガス保安協会,"産業保安グループ
高圧ガス保安室",https://www.meti.go.jp/meti_lib/report/2023FY/000378.pdf
METI,2024-11-30,令和５年度石油・ガス供給等に係る保安対策調査等事業（特定設備検査規則等の例示基準の最新の引用規格の技術動向の調査）報告書,高圧ガス保安協会,"産業保安グループ
高圧ガス保安室",https://www.meti.go.jp/meti_lib/report/2023FY/000379.pdf
METI,2024-11-27,令和５年度内外一体の経済成長戦略構築にかかる国際経済調査事業（高度外国人材の受入れ拡大に向けた調査・研究） 報告書,ボストン・コンサルティング・グループ,"貿易経済協力局
技術・人材協力課",https://www.meti.go.jp/meti_lib/report/2023FY/000339.pdf
METI,2024-11-27,令和5年度成長型中小企業等研究開発支援事業（中小企業のイノベーションや産学連携に関する実態調査）- 最終報告資料 -,日本総合研究所,"中小企業庁
経営支援部
技術・経営革新課",https://www.meti.go.jp/meti_lib/report/2023FY/000344.pdf
METI,2024-11-27,令和５年度成長型中小企業等研究開発支援事業（中小企業等向け研究開発支援事業における採択審査スキーム及び中間評価・最終評価スキーム等の高度化・効率化に関する調査）調査報告書,リベルタス・コンサルティング,"中小企業庁
経営支援部
技術・経営革新課",https://www.meti.go.jp/meti_lib/report/2023FY/000345.pdf
METI,2024-11-27,令和５年度成長型中小企業等研究開発支援事業（展示会出展支援等を通じた事業化支援に関する事業）調査報告書,オノフ,"中小企業庁
経営支援部
技術・経営革新課",https://www.meti.go.jp/meti_lib/report/2023FY/000346.pdf
METI,2024-11-27,令和５年度産業保安等技術基準策定研究開発等事業 （電気用品 、ガス用品等製品のIoT化等による安全確保の在り方に関するガイドラインの普及・市場動向等調査）調査報告書（概要資料）,エヌ・ティ・ティ・データ経営研究所,"産業保安グループ
製品安全課",https://www.meti.go.jp/meti_lib/report/2023FY/000348.pdf
METI,2024-11-27,令和５年度産業保安等技術基準策定研究開発等事業 （電気用品 、ガス用品等製品のIoT化等による安全確保の在り方に関するガイドラインの普及・市場動向等調査）調査報告書,エヌ・ティ・ティ・データ経営研究所,"産業保安グループ
製品安全課",https://www.meti.go.jp/meti_lib/report/2023FY/000349.pdf
METI,2024-11-27,令和５年度内外一体の経済成長戦略構築にかかる国際経済調査事業（スタートアップ企業等によるウクライナ復興事業に向けた調査事業）　調査報告書,EYストラテジーアンドコンサルティング,"通商政策局
欧州課",https://www.meti.go.jp/meti_lib/report/2023FY/000351.pdf
METI,2024-11-27,令和5年度ユニコーン創出支援事業（リーガルサポート等による新事業創出に向けた基盤に関する調査）報告書,野村総合研究所,"経済産業政策局
新規事業創造推進室",https://www.meti.go.jp/meti_lib/report/2023FY/000353.pdf
METI,2024-11-27,令和５年度中小企業実態調査事業（政策立案における生成系ＡＩ及びテキスト分析の利活用可能性に関する調査・分析）調査報告書,デロイトトーマツコンサルティング合同会社,"中小企業庁
事業環境部調査室",https://www.meti.go.jp/meti_lib/report/2023FY/000356.pdf
METI,2024-11-26,令和 5 年度二国間クレジット取得等のためのインフラ整備調査事業（CEFIA国内事務局等業務）報告書,ボストン・コンサルティング・グループ,"産業技術環境局
地球環境対策室",https://www.meti.go.jp/meti_lib/report/2023FY/000292.pdf
METI,2024-11-26,"令和5年度二国間クレジット取得等のためのインフラ整備調査事業
（モーリシャスにおける海洋温度差発電に係る
GCF／CTCNに関する実現可能性調査） 報告書",商船三井,"産業技術環境局
地球環境対策室",https://www.meti.go.jp/meti_lib/report/2023FY/000293.pdf
METI,2024-11-26,令和５年度国連気候変動枠組条約交渉事業（技術メカニズムに関する分析等事業）調査報告書,公益財団法人地球環境産業技術研究機構,"産業技術環境局
地球環境対策室",https://www.meti.go.jp/meti_lib/report/2023FY/000294.pdf
METI,2024-11-26,令和５年度燃料安定供給対策調査等事業（石油製品等の品質確保に係る規制の在り方に関する調査） 報告書,三菱総合研究所,"資源エネルギー庁
資源燃料部
燃料供給基盤整備課
燃料流通政策室",https://www.meti.go.jp/meti_lib/report/2023FY/000295.pdf
METI,2024-11-26,令和５年度エネルギー需給構造高度化対策調査等事業（ZEH・ZEB・ZEH-Mの普及拡大に係る調査）報告書,日本総合研究所,"資源エネルギー庁
省エネルギー・新エネルギー部
省エネルギー課",https://www.meti.go.jp/meti_lib/report/2023FY/000297.pdf
METI,2024-11-26,令和5年度成長型中小企業等研究開発支援事業（地域中小企業のR&Dイノベーション創出事業）調査報告書,有限責任監査法人トーマツ,"九州経済産業局
地域経済部
産業技術革新課",https://www.meti.go.jp/meti_lib/report/2023FY/000298.pdf
METI,2024-11-26,令和５年度ヘルスケア産業基盤高度化推進事業（ヘルスケアサービス市場等に係る調査事業）報告書,ボストン・コンサルティング・グループ,"商務・サービスグループ
ヘルスケア産業課",https://www.meti.go.jp/meti_lib/report/2023FY/000299.pdf
METI,2024-11-26,令和５年度地域経済産業活性化対策調査（九州地域における若手社会起業家等の発掘及びネットワーク構築可能性調査）報告書,公益財団法人九州経済調査協会,"九州経済産業局
総務企画部
企画調査課",https://www.meti.go.jp/meti_lib/report/2023FY/000303.pdf
METI,2024-11-26,令和５年度地域経済産業活性化対策調査（九州地域における若手社会起業家等の発掘及びネットワーク構築可能性調査）報告書概要版,公益財団法人九州経済調査協会,"九州経済産業局
総務企画部
企画調査課",https://www.meti.go.jp/meti_lib/report/2023FY/000304.pdf
METI,2024-11-26,令和５年度地域経済産業活性化対策調査（新たな地域産業振興・産業立地政策に向けた調査）調査報告書,有限責任監査法人トーマツ,"地域経済産業グループ
地域産業基盤整備課",https://www.meti.go.jp/meti_lib/report/2023FY/000306.pdf
METI,2024-11-26,令和５年度化学物質規制対策（ナノ材料等に関する国内外の安全情報及び規制動向等に関する調査）,JFEテクノリサーチ,"製造産業局
化学物質管理課
化学物質リスク評価室",https://www.meti.go.jp/meti_lib/report/2023FY/000319.pdf
METI,2024-11-26,令和5年度被災地域の経済産業活性化対策調査（福島浜通り映像・芸術文化プロジェクトの更なる発展に向けた調査事業）事業報告書,ロフトワーク,"大臣官房
福島復興推進グループ
福島芸術文化推進室",https://www.meti.go.jp/meti_lib/report/2023FY/000323.pdf
METI,2024-11-21,令和５年度規制改革推進のための国際連携事業（我が国データの国際的な流通実態及び技術動向に係る調査） 報告書,野村総合研究所,"商務情報政策局
総務課
国際室",https://www.meti.go.jp/meti_lib/report/2023FY/000238.pdf
METI,2024-11-21,令和５年度省エネルギー促進広報事業（家庭向け省エネ行動の促進に係る広報事業）報告書,住環境計画研究所,"資源エネルギー庁
省エネルギー・新エネルギー部
省エネルギー課",https://www.meti.go.jp/meti_lib/report/2023FY/000255.pdf
METI,2024-11-21,令和５年度エネルギー需給構造高度化対策調査等事業（国内外のエネルギー動向に関する調査・分析・制作）調査報告書,一般財団法人日本エネルギー経済研究所,"資源エネルギー庁
長官官房
総務課
調査広報室",https://www.meti.go.jp/meti_lib/report/2023FY/000279.pdf
METI,2024-11-21,令和５年度エネルギー需給構造高度化対策調査等事業（エネルギーに関する国内外の経済社会動向の調査）報告書,日本総合研究所,"資源エネルギー庁
長官官房
総務課
調査広報室",https://www.meti.go.jp/meti_lib/report/2023FY/000281.pdf
METI,2024-11-21,令和5年度化学物質規制対策「大学・公的研究機関と連携した化学物質管理高度化推進事業（経口暴露による化学物質蓄積性の生物種間差に関するデータ構築）」調査報告書,国立大学法人鹿児島大学,"製造産業局
化学物質管理課
化学物質リスク評価室 ",https://www.meti.go.jp/meti_lib/report/2023FY/000287.pdf
METI,2024-11-21,令和5年度化学物質規制対策「大学・公的研究機関と連携した化学物質管理高度化推進事業（酸化エチレンの大気消失過程の速度論的解析と領域大気質モデルによる大気リスク評価）」報告書,国立研究開発法人産業技術総合研究所,"製造産業局
化学物質管理課
化学物質リスク評価室 ",https://www.meti.go.jp/meti_lib/report/2023FY/000288.pdf
METI,2024-11-21,令和5年度化学物質規制対策「大学・公的研究機関と連携した化学物質管理高度化推進事業（消費者製品に含まれる化学物質の経皮曝露を含めた包括的リスク評価スキームの構築）」調査報告書,静岡県公立大学法人静岡県立大学,"製造産業局
化学物質管理課
化学物質リスク評価室 ",https://www.meti.go.jp/meti_lib/report/2023FY/000289.pdf
METI,2024-11-21,令和5年度経済産業省化学物質規制対策「大学・公的研究機関と連携した化学物質管理高度化推進事業（非遺伝毒性肝発がん性の核内受容体活性化プロファイルに基づく評価の有用性検討）」報告書,静岡県公立大学法人静岡県立大学,"製造産業局
化学物質管理課
化学物質リスク評価室 ",https://www.meti.go.jp/meti_lib/report/2023FY/000290.pdf
METI,2024-11-08,令和５年度原子力産業基盤強化事業委託費　一般産業用工業品の放射線環境下の使用指針の整備事業　事業報告書,神戸製鋼所,"資源エネルギー庁
電力・ガス事業部
原子力政策課",https://www.meti.go.jp/meti_lib/report/2023FY/000056.pdf
METI,2024-11-08,令和５年度グリーン･トランスフォーメーションリーグ運営事業費(排出量取引制度等の法的論点調査事業) 調査報告書,森・濱田松本法律事務所,産業技術環境局環境政策課環境経済室,https://www.meti.go.jp/meti_lib/report/2023FY/000278.pdf
METI,2024-11-08,令和５年度エネルギー需給構造高度化基準認証推進事業費（我が国工作機械産業の競争力強化に関するルール形成戦略に係る調査）　報告書,アーサー・ディ・リトル・ジャパン,製造産業局産業機械課,https://www.meti.go.jp/meti_lib/report/2023FY/000282.pdf
METI,2024-11-08,令和5年度産業経済研究委託事業（我が国のスタートアップのファイナンス環境の在り方に関する調査） 調査報告書,野村総合研究所,経済産業政策局産業資金課,https://www.meti.go.jp/meti_lib/report/2023FY/000283.pdf
METI,2024-11-08,令和5年度法定経営指導員育成に関する講習資料補足データ作成業務（小規模事業者の現状と役割等に関する調査研究）委託事業報告書,EYストラテジーアンドコンサルティング,中小企業庁事業環境部企画課調査室,https://www.meti.go.jp/meti_lib/report/2023FY/000315.pdf
METI,2024-11-08,令和５年度中小企業実態調査委託費（中小企業・小規模事業者及び支援機関等における優良取組事例に関する調査事業）調査報告書,時事通信社,中小企業庁事業環境部企画課調査室,https://www.meti.go.jp/meti_lib/report/2023FY/000316.pdf
METI,2024-11-08,令和５年度中小企業実態調査委託費（中小企業の実態把握に関する調査研究）報告書,帝国データバンク,中小企業庁事業環境部企画課調査室,https://www.meti.go.jp/meti_lib/report/2023FY/000317.pdf
METI,2024-11-08,令和5年度化学物質規制対策「大学・公的研究機関と連携した化学物質管理高度化推進事業（ライフサイクルアセスメントの視点に基づく化学物質管理のあり方）」調査報告書,国立大学法人大阪大学,"製造産業局
化学物質管理課
化学物質リスク評価室 ",https://www.meti.go.jp/meti_lib/report/2023FY/000286.pdf
METI,2024-11-02,令和5年度宇宙産業技術情報基盤整備研究開発事業(SERVISプロジェクト)のうち衛星データ等の地理空間情報利用に係る人的基盤強化に資する調査事業調査報告書,三菱総合研究所,"製造産業局
航空機武器宇宙産業課
宇宙産業室",https://www.meti.go.jp/meti_lib/report/2023FY/000252.pdf
METI,2024-11-02,令和５年度ものづくり基盤産業における“人手不足課題”を抜本解決するための業界団体オリジナルツールの有用調査　事業報告書,りそな総合研究所,"近畿経済産業局
産業部
製造産業課",https://www.meti.go.jp/meti_lib/report/2023FY/000256.pdf
METI,2024-11-02,令和５年度学びと社会の連携促進事業（「未来の教室」（学びの場）創出事業）最終報告書,ボストン・コンサルティング・グループ,"商務・サービスグループ
サービス政策課
教育産業室",https://www.meti.go.jp/meti_lib/report/2023FY/000267.pdf
METI,2024-11-02,令和５年度産業経済研究委託事業（諸外国における開示の実態、及び開示と企業価値の関係に関する調査報告書）,三菱UFJリサーチ&コンサルティング,"経済産業政策局
企業会計室",https://www.meti.go.jp/meti_lib/report/2023FY/000268.pdf
METI,2024-11-02,令和５年度地域ＤＸ促進環境整備事業（データに基づく地域未来牽引企業調査・分析事業）最終報告書,帝国データバンク,"地域経済産業グループ
地域未来投資促進室",https://www.meti.go.jp/meti_lib/report/2023FY/000269.pdf
METI,2024-11-02,令和５年度中小企業等環境問題対策調査事業費（令和４年度実績に基づくカーボンニュートラル行動計画の削減効果評価等事業）調査報告書,一般財団法人日本エネルギー経済研究所,"産業技術環境局
環境政策課
環境経済室",https://www.meti.go.jp/meti_lib/report/2023FY/000272.pdf
METI,2024-11-02,令和５年度中小企業等環境問題対策調査事業費（中堅・中小企業のグリーントランスフォーメーションに関する調査）　最終報告書（公開版）,PwCコンサルティング合同会社,"産業技術環境局
環境政策課
GX推進企画室",https://www.meti.go.jp/meti_lib/report/2023FY/000273.pdf
METI,2024-11-02,令和５年度商取引・サービス環境の適正化に係る事業　バイオ産業の振興に向けた動向調査　報告書,アーサー・ディ・リトル・ジャパン,"商務・サービスグループ
生物化学産業課",https://www.meti.go.jp/meti_lib/report/2023FY/000274.pdf
METI,2024-11-02,令和5年度　重要技術管理体制強化事業成果報告書　我が国におけるX線CTを用いたCPE体制構築可能性調査　公表用,サイバー・フィジカル・エンジニアリング技術研究組合,"貿易経済協力局
貿易管理部
安全保障貿易管理政策課
技術調査室",https://www.meti.go.jp/meti_lib/report/2023FY/000275.pdf
METI,2024-10-30,令和5年度皮革産業振興対策調査等（国内皮革産業における環境負荷調査事業）調査報告書,有限責任監査法人トーマツ,"製造産業局
生活製品課",https://www.meti.go.jp/meti_lib/report/2023FY/000239.pdf
METI,2024-10-30,令和５年度中⼩企業等環境問題対策調査事業費（中堅・中⼩企業のGX 取組事例に関する調査）報告書,文化資本創研,"関東経済産業局
資源エネルギー環境部
カーボンニュートラル推進課",https://www.meti.go.jp/meti_lib/report/2023FY/000240.pdf
METI,2024-10-30,令和5年度内外一体の経済成長戦略構築にかかる国際経済調査事業（主要国におけるEPA原産地証明手続きの電子化、及び、原産地規則の運用状況に関する調査）調査報告書,PricewaterhouseCoopersWMSPte.Ltd.,"通商政策局
経済連携課",https://www.meti.go.jp/meti_lib/report/2023FY/000241.pdf
METI,2024-10-30,令和５年度化学物質規制対策（毒性発現予測システムの活用促進に向けた課題等の調査）調査報告書,国立大学法人奈良先端科学技術大学院大学,"製造産業局
化学物質管理課
化学物質リスク評価室",https://www.meti.go.jp/meti_lib/report/2023FY/000242.pdf
METI,2024-10-30,令和5年度国内温室効果ガス排出削減・吸収量認証制度実施事業（グリーンエネルギーCO2削減相当量認証制度運営事業）事業報告書,BIPROGY,"資源エネルギー庁
省エネルギー・新エネルギー部
新エネルギー課
再生可能エネルギー推進室",https://www.meti.go.jp/meti_lib/report/2023FY/000244.pdf
METI,2024-10-30,令和5年度産業経済研究委託事業（エンゲージメントを通じた企業価値向上に関する調査）調査報告書,EY新日本有限責任監査法人,"経済産業政策局
産業資金課",https://www.meti.go.jp/meti_lib/report/2023FY/000258.pdf
METI,2024-10-30,令和５年度内外一体の経済成長戦略構築にかかる国際経済調査事業（価値創造経営の推進に向けた制度及び制度以外の課題に関する調査）最終報告書,デロイトトーマツコンサルティング合同会社,"経済産業政策局
企業会計室",https://www.meti.go.jp/meti_lib/report/2023FY/000262.pdf
METI,2024-10-30,令和５年度産業保安等技術基準策定研究開発等（リコールリスクレベルの明確化等に関する調査研究事業）【調査報告書】,MS&ADインターリスク総研,"産業保安グループ
製品安全課
製品事故対策室",https://www.meti.go.jp/meti_lib/report/2023FY/000264.pdf
METI,2024-10-30,令和５年度質の高いインフラの海外展開に向けた事業実施可能性調査事業 コンゴ民主共和国・キンシャサ市モビリティ改善調査事業 事業報告書,オリエンタルコンサルタンツ,"製造産業局
金属課",https://www.meti.go.jp/meti_lib/report/2023FY/000265.pdf
METI,2024-10-26,令和５年度地域デジタル人材育成・確保推進事業（デジタル時代における情報処理技術者試験の在り方に関する調査）調査報告書,みずほリサーチ&テクノロジーズ,"商務情報政策局
情報技術利用促進課",https://www.meti.go.jp/meti_lib/report/2023FY/000212.pdf
METI,2024-10-26,令和５年度地球温暖化・資源循環対策等に資する調査委託費（産業競争力強化法に基づくエネルギー利用環境負荷低減事業適応の利用状況等に関する調査）調査報告書,デロイトトーマツ税理士法人,"産業技術環境局
環境政策課
GX推進企画室",https://www.meti.go.jp/meti_lib/report/2023FY/000219.pdf
METI,2024-10-26,令和５年度エネルギー需給構造高度化対策に関する調査等事業(再生可能エネルギー固定価格買取制度等における賦課金単価算定の精緻化に向けた分析等調査)調査報告書,三菱総合研究所,"資源エネルギー庁
省エネルギー・新エネルギー部
新エネルギー課",https://www.meti.go.jp/meti_lib/report/2023FY/000221.pdf
METI,2024-10-26,令和５年度新エネルギー等導入促進広報等事業（再生可能エネルギーの固定価格買取制度等に係るコールセンターの設置）調査報告書,NTTネクシア,"資源エネルギー庁
省エネルギー・新エネルギー部
新エネルギー課再生可能エネルギー推進室",https://www.meti.go.jp/meti_lib/report/2023FY/000222.pdf
METI,2024-10-26,令和５年度四国地域における「創業×事業承継」支援施策の実証及び課題分析に係る調査 調査報告書,しんきん地域創生ネットワーク,"四国経済産業局
地域経済部
新事業推進課",https://www.meti.go.jp/meti_lib/report/2023FY/000223.pdf
METI,2024-10-26,令和５年度中堅・中小企業輸出ビジネスモデル調査・実証事業（輸出促進のための新しいマーケティング手法等の調査）調査報告書,ボストン・コンサルティング・グループ,"貿易経済協力局
貿易振興課",https://www.meti.go.jp/meti_lib/report/2023FY/000224.pdf
METI,2024-10-26,令和５年度中堅・中小企業輸出ビジネスモデル調査・実証事業（リテールテックを活用した最新ビジネスモデル調査）調査報告書,有限責任監査法人トーマツ,"貿易経済協力局
貿易振興課",https://www.meti.go.jp/meti_lib/report/2023FY/000225.pdf
METI,2024-10-26,令和5年度原子力発電施設広聴・広報等事業（放射性廃棄物に関する理解促進・支援事業）事業報告書,一般財団法人電源地域振興センター,"資源エネルギー庁
放射性廃棄物対策課",https://www.meti.go.jp/meti_lib/report/2023FY/000227.pdf
METI,2024-10-26,令和5年度化学物質規制対策（化管法の見直しに関する調査）調査報告書,みずほリサーチ&テクノロジーズ,"製造産業局
化学物質管理課
化学物質リスク評価室",https://www.meti.go.jp/meti_lib/report/2023FY/000228.pdf
METI,2024-10-26,"令和5年度中小企業活性化・事業承継総合支援事業（令和５年度商店街等における新陳代謝・事業承継に関する現況調査、個別事例研究・収集）
事業報告書",ジェイアール東日本企画,"東北経済産業局
商業・流通サービス産業課",https://www.meti.go.jp/meti_lib/report/2023FY/000234.pdf
METI,2024-10-26,令和５年度 商取引・サービス環境の適正化に係る事業（水上設置遊具の安全に関する調査等） 調査報告書,矢野経済研究所,"商務・サービスグループ
消費・流通政策課",https://www.meti.go.jp/meti_lib/report/2023FY/000235.pdf
METI,2024-10-22,令和５年度質の高いインフラの海外展開に向けた事業実施可能性調査事業（ベトナム国・北部地域における低炭素物流／内陸水運改善及び事業化調査事業）ファイナルレポート,山九,"貿易経済協力局
貿易振興課",https://www.meti.go.jp/meti_lib/report/2023FY/000169.pdf
METI,2024-10-22,令和５年度質の高いインフラの海外展開に向けた事業実施可能性調査事業（ベトナム国・北部地域における低炭素物流／内陸水運改善及び事業化調査事業）ファイナルレポート,日本工営,"貿易経済協力局
貿易振興課",https://www.meti.go.jp/meti_lib/report/2023FY/000169.pdf
METI,2024-10-22,令和５年度産業経済研究委託事業（行政事務の高度化に資するＬＬＭ導入可能性検証調査）調査報告書,アビームコンサルティング,"大臣官房
デジタル・トランスフォーメーション室",https://www.meti.go.jp/meti_lib/report/2023FY/000186.pdf
METI,2024-10-22,令和5年度エネルギー需給構造高度化対策調査等事業（福島県における水素社会のモデル構築に関する調査）調査報告書,三菱総合研究所,"資源エネルギー庁
省エネルギー・新エネルギー部
水素・アンモニア課",https://www.meti.go.jp/meti_lib/report/2023FY/000188.pdf
METI,2024-10-22,令和５年度産業保安等技術基準策定研究開発等事業（製品安全市場の創出に向けた新たな制度構築事業）調査報告書,MS&ADインターリスク総研,"産業保安グループ
製品安全課",https://www.meti.go.jp/meti_lib/report/2023FY/000189.pdf
METI,2024-10-22,令和５年度産業保安等技術基準策定調査研究等事業（高齢者向け製品の安全性規格等検討事業）調査報告書,国立研究開発法人産業技術総合研究所,"産業保安グループ
製品安全課",https://www.meti.go.jp/meti_lib/report/2023FY/000190.pdf
METI,2024-10-22,令和５年度放射光施設等利活用による中小企業価値創造促進支援事業　事業報告書,矢野経済研究所,"東北経済産業局
地域経済部
産業技術革新課",https://www.meti.go.jp/meti_lib/report/2023FY/000191.pdf
METI,2024-10-22,令和5年度従来型半導体のサプライチェーン強靭化に向けた製造装置市場等の調査,三菱UFJリサーチ&コンサルティング,"東北経済産業局
地域経済部
製造産業課
情報政策・半導体戦略室",https://www.meti.go.jp/meti_lib/report/2023FY/000192.pdf
METI,2024-10-22,令和５年度カーボンニュートラルに向けた自動車部品サプライヤー事業転換支援事業（地域支援拠点運営事業）～次世代自動車チャレンジ支援事業～報告書,公益財団法人いわて産業振興センター,"東北経済産業局
地域経済部
製造産業・情報政策課",https://www.meti.go.jp/meti_lib/report/2023FY/000194.pdf
METI,2024-10-22,令和５年度固定価格買取制度等の効率的・安定的な運用のための業務（中部経済産業局の固定価格買取制度等における事業計画実施状況等の円滑な遂行に関する調査）報告書,エコリンクス,"中部経済産業局
資源エネルギー環境部
エネルギー対策課",https://www.meti.go.jp/meti_lib/report/2023FY/000197.pdf
METI,2024-10-22,令和５年度カーボンニュートラルに向けた自動車部品サプライヤー事業転換支援事業（地域支援拠点運営事業）～みやぎ自動車産業「ミカタ」プロジェクト～事業報告書,公益財団法人みやぎ産業振興機構,"東北経済産業局
地域経済部
製造産業・情報政策課",https://www.meti.go.jp/meti_lib/report/2023FY/000200.pdf
METI,2024-10-22,令和５年度技術開発調査等推進事業（研究開発事業の事業化等に関する実態調査）報告書,リベルタス・コンサルティング,"産業技術環境局
研究開発課",https://www.meti.go.jp/meti_lib/report/2023FY/000203.pdf
METI,2024-10-22,令和５年度技術開発調査等推進事業（研究開発事業終了後の実用化状況等に関する追跡調査・追跡評価）報告書,みずほリサーチ&テクノロジーズ,"産業技術環境局
研究開発課",https://www.meti.go.jp/meti_lib/report/2023FY/000204.pdf
METI,2024-10-22,令和５年度商取引・サービス環境の適正化に係る事業（サービス産業における消費者データを活用した政策立案手法の調査及び開発事業）調査報告書,野村総合研究所,"商務・サービスグループ
消費経済企画室",https://www.meti.go.jp/meti_lib/report/2023FY/000207.pdf
METI,2024-10-22,令和５年度後継者支援ネットワーク事業報告書,ジェイアール東日本企画,"中小企業庁
事業環境部
財務課",https://www.meti.go.jp/meti_lib/report/2023FY/000210.pdf
METI,2024-10-22,令和５年度地域デジタル人材育成・確保推進事業（企業と連携するデジタル人材に関する調査） 調査報告書,ボストン・コンサルティング・グループ,"商務情報政策局
情報技術利用促進課",https://www.meti.go.jp/meti_lib/report/2023FY/000213.pdf
METI,2024-10-22,令和５年度　地域デジタル人材育成・確保推進事業（デジタル人材育成プラットフォーム運営事業）事業報告書,ボストン・コンサルティング・グループ,"商務情報政策局
情報技術利用促進課",https://www.meti.go.jp/meti_lib/report/2023FY/000214.pdf
METI,2024-10-22,令和５年度エネルギー需給構造高度化基準認証推進事業（ルール形成戦略に係る調査研究（国際水素サプライチェーン構築のルール形成戦略に関わる調査研究））最終報告書,一般社団法人水素バリューチェーン推進協議会,"資源エネルギー庁
省エネルギー・新エネルギー部
水素・アンモニア課",https://www.meti.go.jp/meti_lib/report/2023FY/000215.pdf
METI,2024-10-22,令和５年度中小企業実態調査事業金融機関の再チャレンジ支援等に関する調査事業報告書,東京商工リサーチ,"中小企業庁
事業環境部
金融課",https://www.meti.go.jp/meti_lib/report/2023FY/000216.pdf
METI,2024-10-22,"令和５年度商取引・サービス環境の適正化に係る事業
（国内外のスポーツリーグ・クラブの経営実態等の調査事業）調査報告書",PwCコンサルティング合同会社,"商務・サービスグループ
サービス政策課
スポーツ産業室",https://www.meti.go.jp/meti_lib/report/2023FY/000305.pdf
METI,2024-10-22,令和５年度化学物質規制対策（化学物質の分解性及び蓄積性に係る総合的評価の導入に関する調査）報告書,一般財団法人化学物質評価研究機構,"製造産業局
化学物質管理課
化学物質安全室",https://www.meti.go.jp/meti_lib/report/2023FY/000421.pdf
METI,2024-10-22,令和５年度化学物質規制対策（餌料投与法における試験条件の精緻化に関する調査）報告書,一般財団法人化学物質評価研究機構,"製造産業局
化学物質管理
課化学物質安全室",https://www.meti.go.jp/meti_lib/report/2023FY/000422.pdf
METI,2024-10-16,令和５年度「近畿地域におけるバイオベンチャーの知財支援体制強化事業」総括事業報告書,産学連携研究所,"近畿経済産業局
地域経済部
バイオ・医療機器技術振興課",https://www.meti.go.jp/meti_lib/report/2023FY/000152.pdf
METI,2024-10-16,令和５年度「『関西バイオものづくりフォーラム２０２４』を通じた、近畿地域におけるバイオものづくり分野の実態調査」　調査報告書,産学連携研究所,"近畿経済産業局
地域経済部
バイオ・医療機器技術振興課",https://www.meti.go.jp/meti_lib/report/2023FY/000153.pdf
METI,2024-10-16,令和５年度産業経済研究委託事業（なでしこ銘柄選定・普及事業および女性リーダー育成研修事業）報告書,EY新日本有限責任監査法人,"経済産業政策局
経済社会政策室",https://www.meti.go.jp/meti_lib/report/2023FY/000172.pdf
METI,2024-10-16,令和５年度経済産業省デジタルプラットフォーム構築事業（経済産業省デジタルプラットフォームＵＩ／ＵＸ向上のための調査事業） 調査報告書,XspearConsulting,"大臣官房
デジタル・トランスフォーメーション室",https://www.meti.go.jp/meti_lib/report/2023FY/000178.pdf
METI,2024-10-16,"令和５年度エネルギー需給構造高度化対策調査等事業
（水素利活用拡大に向けた国際地域連携の促進に関する調査事業）調査報告書",デロイトトーマツコンサルティング合同会社,"資源エネルギー庁
省エネルギー・新エネルギー部
水素・アンモニア課",https://www.meti.go.jp/meti_lib/report/2023FY/000179.pdf
METI,2024-10-16,令和５年度エネルギー需給構造高度化対策調査等事業費（脱炭素成長型経済構造移行推進に向けた新興企業の振興等に係る調査事業）最終報告書,ボストン・コンサルティング・グループ,"産業技術環境局
環境政策課",https://www.meti.go.jp/meti_lib/report/2023FY/000180.pdf
METI,2024-10-16,令和５年度新エネルギー等の保安規制高度化事業（スマート保安技術の導入に伴う電気工作物の点検等の在り方に関する調査）調査報告書,みずほリサーチ&テクノロジーズ,"産業保安グループ
電力安全課",https://www.meti.go.jp/meti_lib/report/2023FY/000181.pdf
METI,2024-10-16,令和５年度経済産業政策関係調査事業（モバイル機器の修理市場等における競争環境整備の在り方に関する調査）報告書,みずほリサーチ&テクノロジーズ,"経済産業政策局
競争環境整備室",https://www.meti.go.jp/meti_lib/report/2023FY/000182.pdf
METI,2024-10-16,令和5年度商取引・サービス環境の適正化に係る事業(諸外国のスポーツデータに係る権利関係等調査事業)最終調査報告書,西村あさひ法律事務所・外国法共同事業,"商務・サービスグループ
サービス政策課
スポーツ産業室",https://www.meti.go.jp/meti_lib/report/2023FY/000350.pdf
METI,2024-10-16,令和5年度スポーツDX促進事業（スポーツコンテンツの魅力向上に資する取組等に係る調査事業）報告書,西村あさひ法律事務所・外国法共同事業,"商務・サービスグループ
サービス政策課
スポーツ産業室",https://www.meti.go.jp/meti_lib/report/2023FY/000354.pdf
METI,2024-10-16,令和５年度休廃止鉱山における抗廃水処理の高度化技術調査事業調査報告書,独立行政法人エネルギー・金属鉱物資源機構,"産業保安グループ
鉱山・火薬類監理官付",https://www.meti.go.jp/meti_lib/report/2023FY/000417.pdf
METI,2024-10-16,令和５年度産業保安等技術基準策定調査研究等事業（休廃止鉱山における坑廃水処理に係る新たな安全性評価手法の開発に係る調査事業）調査報告書,独立行政法人エネルギー・金属鉱物資源機構,"産業保安グループ
鉱山・火薬類監理官付",https://www.meti.go.jp/meti_lib/report/2023FY/000418.pdf
METI,2024-10-09,令和５年度産業経済研究委託事業（ＳＸ銘柄の選定・ＳＸ普及に関わる調査）調査報告書,野村総合研究所,"経済産業政策局
産業資金課
企業会計室",https://www.meti.go.jp/meti_lib/report/2023FY/000146.pdf
METI,2024-10-09,令和５年度産業保安等技術基準策定研究開発等事業（産業保安法令に関する審査業務等の電子化及び改善のための調査）調査報告書,アクセンチュア,"産業保安グループ
産業保安企画室",https://www.meti.go.jp/meti_lib/report/2023FY/000174.pdf
METI,2024-10-09,令和５年度中小企業実態調査事業中小企業関係租税特別措置の効果に関する調査研究報告書,東京商工リサーチ,"中小企業庁
事業環境部
財務課",https://www.meti.go.jp/meti_lib/report/2023FY/000175.pdf
METI,2024-10-09,令和５年度中小企業活性化・事業承継総合支援事業（事業承継等に関する中小企業関係租税特別措置の利用状況に関する調査事業）報告書,NTTネクシア,"中小企業庁
事業環境部
財務課",https://www.meti.go.jp/meti_lib/report/2023FY/000176.pdf
METI,2024-10-05,令和５年度技術開発調査等推進事業（「産学官連携による共同研究強化のためのガイドライン」における「知」の価値付けに関する調査）調査報告書,ボストン・コンサルティング・グループ,"産業技術環境局
技術振興・大学連携推進課
大学連携推進室",https://www.meti.go.jp/meti_lib/report/2023FY/000149.pdf
METI,2024-10-05,令和５年度地球温暖化・資源循環対策等に資する調査委託費動静脈連携による自律型資源循環システム構築のための調査分析報告書,三菱総合研究所,"産業技術環境局
資源循環経済課",https://www.meti.go.jp/meti_lib/report/2023FY/000150.pdf
METI,2024-10-05,令和５年度化学物質規制対策（水俣条約による水銀規制に関する国内外実態調査）調査報告書,エックス都市研究所,"製造産業局
化学物質管理課",https://www.meti.go.jp/meti_lib/report/2023FY/000151.pdf
METI,2024-10-05,令和5年度技術開発調査等推進事業（博士人材の産業界への入職経路の多様化に関する調査）調査報告書,デロイトトーマツコンサルティング合同会社,"産業技術環境局
技術振興・大学連携推進課
大学連携推進室",https://www.meti.go.jp/meti_lib/report/2023FY/000155.pdf
METI,2024-10-05,令和５年度エネルギー需給構造高度化対策に関する調査等事業（EVと電力システムの統合等に関する調査）報告書,三菱総合研究所,"資源エネルギー庁
電力・ガス事業部政策課
電力産業・市場室",https://www.meti.go.jp/meti_lib/report/2023FY/000156.pdf
METI,2024-10-05,令和５年度内外一体の経済成長戦略構築にかかる国際経済調査事業　対日Ｍ＆Ａ及び外国企業と日本企業との出資を伴う協業連携によるオープンイノベーション事例調査・事例集作成委託報告書,日本総合研究所,"貿易経済協力局
投資促進課",https://www.meti.go.jp/meti_lib/report/2023FY/000163.pdf
METI,2024-10-05,令和５年度化学物質規制対策（化学物質管理に関する新たな情報伝達スキームの構築に向けた調査）調査報告書,みずほリサーチ&テクノロジーズ,"製造産業局
化学物質管理課",https://www.meti.go.jp/meti_lib/report/2023FY/000164.pdf
METI,2024-10-05,令和５年度商取引・サービス環境の適正化に係る事業（自動配送ロボットを活用した配送サービスの省エネルギー化への貢献等に関する調査）調査報告書,PwCコンサルティング合同会社,"商務・サービスグループ
物流企画室",https://www.meti.go.jp/meti_lib/report/2023FY/000166.pdf
METI,2024-10-05,令和５年度 質の高いインフラの海外展開に向けた事業実施可能性調査事業（アジア大洋州国・CBDC（中央銀行デジタル通貨）の導入による金融システムの高度化・クロスボーダー決済の改善に向けた調査事業）事業報告書,ソラミツ,"貿易経済協力局
貿易振興課",https://www.meti.go.jp/meti_lib/report/2023FY/000168.pdf
METI,2024-10-05,令和５年度　質の高いエネルギーインフラの海外展開に向けた事業実施可能性調査事業(インフラ分野における我が国企業の強みに係る調査)最終報告書,ボストン・コンサルティング・グループ,"貿易経済協力局
貿易振興課",https://www.meti.go.jp/meti_lib/report/2023FY/000170.pdf
METI,2024-09-28,令和 5年度地域経済産業活性化対策調査事業（蓄電池製造装置サプライチェーン強化に向けた調査事業）報告書,日鉄総研,"近畿経済産業局
地域経済部
次世代産業・情報政策課",https://www.meti.go.jp/meti_lib/report/2023FY/000144.pdf
METI,2024-09-28,令和５年度内外一体の経済成長戦略構築にかかる国際経済調査事業（サウジアラビア及びアラブ首長国連邦との宇宙分野における官民協力のあり方に係る調査）,一般財団法人日本宇宙フォーラム,"通商政策局
中東アフリカ課",https://www.meti.go.jp/meti_lib/report/2023FY/000147.pdf
METI,2024-09-28,令和５年度重要技術管理体制強化事業（反迂回制度の検討に向けた法的論点等調査）調査報告書,西村あさひ法律事務所・外国法共同事業,"貿易経済協力局
貿易管理部
特殊関税等調査室",https://www.meti.go.jp/meti_lib/report/2023FY/000148.pdf
METI,2024-09-28,令和5年度質の高いインフラの海外展開に向けた事業実施可能性調査事業（ドミニカ共和国・DX・GX技術活用を指向したサントドミンゴメトロ３号線整備調査事業）事業報告書（日本語版）（公表用）,日本工営,"製造産業局
国際プラント・インフラシステム・水ビジネス推進室",https://www.meti.go.jp/meti_lib/report/2023FY/000400.pdf
METI,2024-09-28,令和5年度質の高いインフラの海外展開に向けた事業実施可能性調査事業（ドミニカ共和国・DX・GX技術活用を指向したサントドミンゴメトロ３号線整備調査事業）事業報告書（日本語版）（公表用）,一般社団法人日本地下鉄協会,"製造産業局
国際プラント・インフラシステム・水ビジネス推進室",https://www.meti.go.jp/meti_lib/report/2023FY/000400.pdf
METI,2024-09-28,令和5年度質の高いインフラの海外展開に向けた事業実施可能性調査事業（ドミニカ共和国・DX・GX技術活用を指向したサントドミンゴメトロ３号線整備調査事業）事業報告書（日本語版）（公表用）,日本コンサルタンツ,"製造産業局
国際プラント・インフラシステム・水ビジネス推進室",https://www.meti.go.jp/meti_lib/report/2023FY/000400.pdf
METI,2024-09-28,令和5年度質の高いインフラの海外展開に向けた事業実施可能性調査事業（ドミニカ共和国・DX・GX技術活用を指向したサントドミンゴメトロ３号線整備調査事業）事業報告書（スペイン語版）（公表用）,日本工営,"製造産業局
国際プラント・インフラシステム・水ビジネス推進室",https://www.meti.go.jp/meti_lib/report/2023FY/000401.pdf
METI,2024-09-28,令和5年度質の高いインフラの海外展開に向けた事業実施可能性調査事業（ドミニカ共和国・DX・GX技術活用を指向したサントドミンゴメトロ３号線整備調査事業）事業報告書（スペイン語版）（公表用）,一般社団法人日本地下鉄協会,"製造産業局
国際プラント・インフラシステム・水ビジネス推進室",https://www.meti.go.jp/meti_lib/report/2023FY/000401.pdf
METI,2024-09-28,令和5年度質の高いインフラの海外展開に向けた事業実施可能性調査事業（ドミニカ共和国・DX・GX技術活用を指向したサントドミンゴメトロ３号線整備調査事業）事業報告書（スペイン語版）（公表用）,日本コンサルタンツ,"製造産業局
国際プラント・インフラシステム・水ビジネス推進室",https://www.meti.go.jp/meti_lib/report/2023FY/000401.pdf
METI,2024-09-26,令和５年度エネルギー需給構造高度化対策調査等事業（エネルギー転換に関する日独エネルギー変革評議会に係る調査）報告書,一般財団法人日本エネルギー経済研究所,"資源エネルギー庁
長官官房
国際課",https://www.meti.go.jp/meti_lib/report/2023FY/000141.pdf
METI,2024-09-26,令和5年産業経済研究委託事業（バッテリー人材育成に資する教育プログラムの策定に向けた調査事業）成果報告書,エナジード,"近畿経済産業局
地域経済部
次世代産業・情報政策課",https://www.meti.go.jp/meti_lib/report/2023FY/000143.pdf
METI,2024-09-26,令和５年度商取引・サービス環境の適正化に係る事業（物流革新に向けた政策パッケージにおける施策のフォローアップ・推進のための調査研究等）報告書,NX総合研究所,商務・サービスグループ物流企画室 ,https://www.meti.go.jp/meti_lib/report/2023FY/000158.pdf
METI,2024-09-26,令和５年度経済産業省デジタルプラットフォーム構築事業（経営力向上計画の制度改善に係る調査及び申請プラットフォームの改修・保守運用事業）調査報告書,TOPPAN,"中小企業庁
事業環境部
企画課",https://www.meti.go.jp/meti_lib/report/2023FY/000159.pdf
METI,2024-09-26,令和５年度無人自動運転等のCASE対応に向けた実証・支援事業（CASE 等による産業構造変化を見据えた国内技術動向調査）調査報告書,アーサー・ディ・リトル・ジャパン,製造産業局自動車課,https://www.meti.go.jp/meti_lib/report/2023FY/000397.pdf
METI,2024-09-18,令和５年度商取引・サービス環境の適正化に係る事業（外国人旅行者向け消費税免税制度にかかる免税店舗等の実態等調査）調査報告書,PwCコンサルティング合同会社,商務・サービスグループ 消費・流通政策課,https://www.meti.go.jp/meti_lib/report/2023FY/000090.pdf
METI,2024-09-18,令和５年度「中部地域におけるサーキュラーエコノミー移行の加速に向けた調査事業」調査報告書,フルハシ環境総合研究所,"中部経済産業局
資源エネルギー環境部
環境・資源循環経済課",https://www.meti.go.jp/meti_lib/report/2023FY/000124.pdf
METI,2024-09-18,令和5年度ものづくり中小企業事業化支援調査事業　カーボンニュートラル（CN）等の新たな時代に対応する地域製造業のグリーントランスフォーメーション（GX）等競争力強化に係る調査　成果報告書,ドゥリサーチ研究所,"東北経済産業局
地域経済部
製造産業・情報政策課",https://www.meti.go.jp/meti_lib/report/2023FY/000138.pdf
METI,2024-09-18,令和５年度流通・物流の効率化・付加価値創出に係る基盤構築事業_x000B_（販促商品等のリードタイムの延長、物流レジリエンスの向上に向けた小売の在庫管理・発注業務のＤＸ）　最終報告書,有限責任監査法人トーマツ,"商務・サービスグループ
消費・流通政策課",https://www.meti.go.jp/meti_lib/report/2023FY/000139.pdf
METI,2024-09-18,令和５年度地球温暖化・資源循環対策等に資する調査委託費　2050年カーボンニュートラルに必要な技術に係る横断分析調査　調査報告書,アーサー・ディ・リトル・ジャパン,"産業技術環境局
エネルギー環境イノベーション戦略室",https://www.meti.go.jp/meti_lib/report/2023FY/000140.pdf
METI,2024-09-18,令和５年度商取引・サービス環境の適正化に係る事業（生物多様性総合対策事業）委託事業報告書,一般財団法人バイオインダストリー協会,"商務・サービスグループ
生物化学産業課",https://www.meti.go.jp/meti_lib/report/2023FY/000342.pdf
METI,2024-09-18,令和５年度重要技術管理体制強化事業（宇宙分野における重要技術の実態調査及び情報収集）調査報告書,三菱総合研究所,"製造産業局
航空機武器宇宙産業課
宇宙産業室",https://www.meti.go.jp/meti_lib/report/2023FY/000374.pdf
METI,2024-09-18,令和5年度宇宙産業技術情報基盤整備研究開発事業(SERVISプロジェクト) のうち宇宙産業人的基盤強化に資する調査事業　調査報告書,一般社団法人SPACETIDE,"製造産業局
航空機武器宇宙産業課
宇宙産業室",https://www.meti.go.jp/meti_lib/report/2023FY/000375.pdf
METI,2024-09-18,令和５年度製造基盤技術実態等調査（宇宙環境保全の国際ルールに関する戦略検討に向けた調査）　調査報告書,学校法人日本大学,"製造産業局
航空機武器宇宙産業課
宇宙産業室",https://www.meti.go.jp/meti_lib/report/2023FY/000385.pdf
METI,2024-09-10,令和５年度　地域商社と観光地域づくり法人等との連携による相乗効果の可能性調査　報告書,ドゥリサーチ研究所,"東北経済産業局
産業部
経営支援課地域ブランド連携推進室",https://www.meti.go.jp/meti_lib/report/2023FY/000121.pdf
METI,2024-09-10,令和５年度中部地域ものづくり中小企業の事業化促進支援事業　事業実施報告書,PwCコンサルティング合同会社,"中部経済産業局
地域経済部
イノベーション推進課",https://www.meti.go.jp/meti_lib/report/2023FY/000122.pdf
METI,2024-09-10,令和5年度東北地域のデザイン人材を繋ぐ「ナレッジシェア・ポート（知識移転の場）創出」実証調査事業報告書,金入,"東北経済産業局
総務企画部
企画調査課",https://www.meti.go.jp/meti_lib/report/2023FY/000123.pdf
METI,2024-09-10,令和５年度製造基盤技術実態等調査（ロボット導入加速に向けたロボットSIer業界の構造的課題や事業基盤強化に関する調査）報告書,一般社団法人日本ロボットシステムインテグレータ協会,"製造産業局
産業機械課
ロボット政策室",https://www.meti.go.jp/meti_lib/report/2023FY/000125.pdf
METI,2024-09-10,令和５年度東北地域のスタートアップにおける成長型中小企業等研究開発支援事業の効果的利活用可能性等調査事業報告書,ドゥリサーチ研究所,"東北経済産業局
地域経済部
産業技術革新課",https://www.meti.go.jp/meti_lib/report/2023FY/000135.pdf
METI,2024-09-10,令和5年度ものづくり中小企業事業化支援調査事業（OIマッチング事業） 報告書,日本能率協会コンサルティング,"東北経済産業局
地域経済部
産業技術革新課",https://www.meti.go.jp/meti_lib/report/2023FY/000136.pdf
METI,2024-09-10,令和5年度重要技術管理体制強化事業（中小企業アウトリーチ事業（営業秘密漏えい対策））報告書,独立行政法人日本貿易振興機構,"経済産業政策局
知的財産政策室",https://www.meti.go.jp/meti_lib/report/2023FY/000137.pdf
METI,2024-09-10,令和５年度中小企業における金融支援策の政策効果検証事業　調査報告書,一般社団法人CRD協会,中小企業庁事業環境部金融課,https://www.meti.go.jp/meti_lib/report/2023FY/000205.pdf
METI,2024-09-03,令和5年度エネルギー需給構造高度化対策に関する調査等事業（EVやEV充電器の系統への影響に関する調査）成果報告書,一般財団法人電力中央研究所,"資源エネルギー庁
電力・ガス事業部
政策課
電力産業・市場室",https://www.meti.go.jp/meti_lib/report/2023FY/000309.pdf
METI,2024-08-24,令和５年度 流通・物流の効率化・付加価値創出に係る基盤構築事業（物流情報の電子化・データ連携促進）報告書,TSUNAGUTE,商務・サービスグループ消費・流通政策課,https://www.meti.go.jp/meti_lib/report/2023FY/000111.pdf
METI,2024-08-24,令和5年度ヘルスケア産業基盤高度化推進事業(PHR利活用推進等に向けたモデル実証事業)最終報告書,ボストン・コンサルティング・グループ,商務・サービスグループヘルスケア産業課,https://www.meti.go.jp/meti_lib/report/2023FY/000113.pdf
METI,2024-08-24,令和５年度会計関係業務のＤＸ化推進体制強化に関する実証調査事業調査報告書,サンアンドサンズコンサルティング,大臣官房会計課,https://www.meti.go.jp/meti_lib/report/2023FY/000114.pdf
METI,2024-08-24,令和５年度化学物質規制対策（化学物質管理の信頼性確保のための調査）調査報告書,みずほリサーチ&テクノロジーズ,"製造産業局
化学物質管理課
化学物質安全室",https://www.meti.go.jp/meti_lib/report/2023FY/000115.pdf
METI,2024-08-24,令和５年度固定価格買取制度等の効率的・安定的な運用のための業務（九州経済産業局の固定価格買取制度等における事業計画実施等の適正化事業）調査報告書,地域計画建築研究所,"九州経済産業局
資源エネルギー環境部
エネルギー対策課",https://www.meti.go.jp/meti_lib/report/2023FY/000116.pdf
METI,2024-08-24,令和５年度原子力発電施設等立地地域基盤整備支援事業（周辺地域と連携した甑島地域の観光活性化に係る調査事業）-調査報告書-,コムブレインズ,"九州経済産業局
資源エネルギー環境部
電力・ガス事業課",https://www.meti.go.jp/meti_lib/report/2023FY/000117.pdf
METI,2024-08-24,令和５年度原子力発電施設等立地地域基盤整備支援事業（周辺地域と連携した甑島地域の観光活性化に係る調査事業）-調査報告書概要版-,コムブレインズ,"九州経済産業局
資源エネルギー環境部
電力・ガス事業課",https://www.meti.go.jp/meti_lib/report/2023FY/000118.pdf
METI,2024-08-24,令和５年度原子力発電施設等立地地域基盤整備支援事業（周辺地域と連携した広域観光ルートの開発による観光流動の活性化に係る調査事業）－調査報告書－,ランドブレイン,"九州経済産業局
資源エネルギー環境部
電力・ガス事業課",https://www.meti.go.jp/meti_lib/report/2023FY/000119.pdf
METI,2024-08-24,令和５年度原子力発電施設等立地地域基盤整備支援事業（周辺地域と連携した広域観光ルートの開発による観光流動の活性化に係る調査事業）－調査報告書　概要版－,ランドブレイン,"九州経済産業局
資源エネルギー環境部
電力・ガス事業課",https://www.meti.go.jp/meti_lib/report/2023FY/000120.pdf
METI,2024-08-24,令和５年度産業保安等技術基準策定研究開発等事業（電気設備技術基準関連規格等調査）報告書,一般社団法人日本電気協会,"産業保安グループ
電力安全課",https://www.meti.go.jp/meti_lib/report/2023FY/000157.pdf
METI,2024-08-24,令和５年度産業保安等技術基準策定調査研究等事業（電力設備電磁界情報調査提供事業）報告書,一般財団法人電気安全環境研究所,"産業保安グループ
電力安全課",https://www.meti.go.jp/meti_lib/report/2023FY/000171.pdf
METI,2024-08-24,令和５年度内外一体の経済成長戦略構築にかかる国際経済調査事業（現代のトレンドを踏まえた産業構造の変化及び DX 等のトレンドにおいて高付加価値を創出する産業群・ビジネスモデル等に関する調査 ）成果報告書,マッキンゼー・アンド・カンパニー・インコーポレイテッド・ジャパン,"大臣官房
総務課",https://www.meti.go.jp/meti_lib/report/2023FY/000237.pdf
METI,2024-08-22,令和５年度国内石油天然ガス地質調査・メタンハイドレート研究開発等事業（上流開発企業の総合エネルギー産業への転換に向けた人材育成・確保事業）　事業報告書,ギアーズ,"資源エネルギー庁
資源・燃料部d
資源開発課",https://www.meti.go.jp/meti_lib/report/2023FY/000104.pdf
METI,2024-08-22,令和５年度流通・物流の効率化・付加価値創出に係る基盤構築事業（複数事業者協働での製品在庫配置の最適化による輸配送効率向上並びに返品・廃棄削減事例の創出）調査報告書,一般財団法人日本気象協会,"商務・サービスグループ消費・流通政策課
物流企画室",https://www.meti.go.jp/meti_lib/report/2023FY/000105.pdf
METI,2024-08-22,令和5年度エネルギー需給構造高度化対策に関する調査等事業（電気事業法に基づいて提供される電力データ等の活用に関する調査）報告書（公表用）,NTTデータ,"資源エネルギー庁
電力・ガス事業部
政策課電力産業・市場室",https://www.meti.go.jp/meti_lib/report/2023FY/000106.pdf
METI,2024-08-22,令和5年度「流通・物流の効率化・付加価値創出に係る基盤構築事業（事前出荷案内情報のデータ連携による物流面での企業間の協調促進）」報告書,公益財団法人流通経済研究所,商務・サービスグループ　消費・流通政策課,https://www.meti.go.jp/meti_lib/report/2023FY/000107.pdf
METI,2024-08-22,令和5年度内外一体の経済成長戦略構築にかかる国際経済調査事業（大阪・関西万博における循環経済の実現のための調査）報告書,みずほリサーチ&テクノロジーズ,"産業技術環境局
資源循環経済課",https://www.meti.go.jp/meti_lib/report/2023FY/000296.pdf
METI,2024-08-17,令和５年度皮革産業振興対策調査等（日本製皮革及び皮革製品のサステナビリティ推進事業）事業実施報告書,ワンオー,"製造産業局
生活製品課",https://www.meti.go.jp/meti_lib/report/2023FY/000095.pdf
METI,2024-08-17,令和５年度_x000B_地球温暖化・資源循環対策等に資する調査委託費（革新的脱炭素製品・技術の早期市場化に向けた、初期需要創出に関する分析・調査事業）最終事業報告書,ボストン・コンサルティング・グループ,"産業技術環境局
環境政策課
GX投資促進室",https://www.meti.go.jp/meti_lib/report/2023FY/000099.pdf
METI,2024-08-17,令和５年度新エネルギー等の保安規制高度化事業（水素・アンモニア発電等に関する保安規制調査事業）報告書,みずほリサーチ&テクノロジーズ,"産業保安グループ
電力安全課",https://www.meti.go.jp/meti_lib/report/2023FY/000101.pdf
METI,2024-08-17,令和５年度新エネルギー等の保安規制高度化事業（認定高度保安実施設置者制度及び新安全管理審査制度に関する調査事業）報告書,一般財団法人発電設備技術検査協会,"産業保安グループ
電力安全課",https://www.meti.go.jp/meti_lib/report/2023FY/000102.pdf
METI,2024-08-17,令和５年度流通・物流の効率化・付加価値創出に係る基盤構築事業（地域レベルのフィジカルインターネット実現に向けた事業者間の連携促進）最終報告書,野村総合研究所,商務・サービスグループ消費・流通政策課,https://www.meti.go.jp/meti_lib/report/2023FY/000103.pdf
METI,2024-08-08,令和５年度質の高いエネルギーインフラの海外展開に向けた事業実施可能性調査（インドネシア共和国・移設可能な小型LNG液化装置を用いた小規模未利用ガス田のマネタイズと枯渇後のCO2ストレージへの転換に関する事業可能性調査）最終報告書,コーエイリサーチ&コンサルティング,"製造産業局
国際プラント・インフラシステム・水ビジネス推進室",https://www.meti.go.jp/meti_lib/report/2023FY/000040.pdf
METI,2024-08-08,令和５年度質の高いエネルギーインフラの海外展開に向けた事業実施可能性調査（インドネシア共和国・移設可能な小型LNG液化装置を用いた小規模未利用ガス田のマネタイズと枯渇後のCO2ストレージへの転換に関する事業可能性調査）最終報告書,合同会社MAXEED,"製造産業局
国際プラント・インフラシステム・水ビジネス推進室",https://www.meti.go.jp/meti_lib/report/2023FY/000040.pdf
METI,2024-08-08,令和5年度大阪・関西万博政府開催準備事業　大阪万博に係る国際関連事業　報告書,JTB,商務・サービスグループ　博覧会推進室,https://www.meti.go.jp/meti_lib/report/2023FY/000086.pdf
METI,2024-08-08,令和5年度エネルギー需給構造高度化対策に関する調査等委託事業（省エネに資する建材物流効率化に向けた基盤構築調査事業）調査報告書,KPMGコンサルティング,"製造産業局
生活製品課
住宅産業室",https://www.meti.go.jp/meti_lib/report/2023FY/000087.pdf
METI,2024-08-08,令和5年度 内外一体の経済成長戦略構築に係る国際経済調査事業（2025 年大阪・関西万博におけるネガティブエミッション技術等の在り方に関する調査事業）調査報告書 　　 ,公益財団法人地球環境産業技術研究機構,"産業技術環境局
環境政策課
GX投資促進室",https://www.meti.go.jp/meti_lib/report/2023FY/000088.pdf
METI,2024-08-08,令和5年度　内外一体の経済成長戦略構築にかかる国際経済調査事業　アジア大のサイバーフィジカルエコシステム構築調査　事業調査報告書,ボストン・コンサルティング・グループ,"通商政策局
通商戦略室",https://www.meti.go.jp/meti_lib/report/2023FY/000089.pdf
METI,2024-08-08,令和5年度産業経済研究委託事業 2025年大阪・関西万博の開催に向けた調査  調査報告書,デロイトトーマツファイナンシャルアドバイザリー合同会社,商務・サービスグループ 博覧会推進室,https://www.meti.go.jp/meti_lib/report/2023FY/000091.pdf
METI,2024-08-08,令和５年度地球温暖化問題等対策調査　（国際資源循環及び海洋プラスチック汚染関連動向調査）報告書,JFEテクノリサーチ,"産業技術環境局
資源循環経済課",https://www.meti.go.jp/meti_lib/report/2023FY/000092.pdf
METI,2024-08-08,令和５年度製造基盤技術実態等調査（石油化学産業のサプライチェーン確保に向けた世界需給等調査）調査報告書,三菱ケミカルリサーチ,"製造産業局
素材産業課",https://www.meti.go.jp/meti_lib/report/2023FY/000093.pdf
METI,2024-08-08,令和５年度地球温暖化・資源循環対策等に資する調査委託Direct Air Capture の産業化に向けた環境整備に関する調査分析報告書,みずほリサーチ&テクノロジーズ,"産業技術環境局
GX投資促進室",https://www.meti.go.jp/meti_lib/report/2023FY/000094.pdf
METI,2024-08-08,令和５年度地域経済産業活性化対策調査事業（北海道の地方における卸売・小売事業者の物流実態の把握に係る調査事業）報告書,道銀地域総合研究所,"北海道経済産業局
産業部
産業振興課",https://www.meti.go.jp/meti_lib/report/2023FY/000096.pdf
METI,2024-08-08,令和５年度「流通・物流の効率化・付加価値創出に係る基盤構築事業（ＲＦＩＤに関するオペレーション・データの標準化）」報告書,公益財団法人流通経済研究所,商務・サービスグループ　消費・流通政策課,https://www.meti.go.jp/meti_lib/report/2023FY/000097.pdf
METI,2024-08-03,令和５年度ユニコーン創出支援事業（起業家精神に関する調査）　報告書,みずほリサーチ&テクノロジーズ,"経済産業政策局
新規事業創造推進室",https://www.meti.go.jp/meti_lib/report/2023FY/000230.pdf
METI,2024-08-03,令和５年度中小企業実態調査事業（中小企業の売上動向把握の精度向上のための調査・分析）調査報告書,ナウキャスト,"中小企業庁
事業環境部
調査室",https://www.meti.go.jp/meti_lib/report/2023FY/000355.pdf
METI,2024-07-30,令和５年度経済産業省デジタルプラットフォーム構築事業 （官公庁向けシステム仕様書作成及び審査支援ツール構築 に向けた調査事業）調査報告書,NTTデータ,"大臣官房
デジタル・トランスフォーメーション室",https://www.meti.go.jp/meti_lib/report/2023FY/000020.pdf
METI,2024-07-30,令和5年度洋上風力発電導入拡大調査支援事業（沖合での浮体式洋上風力を含めた洋上風力発電の導入拡大に向けた制度検討調査）調査報告書,森・濱田松本法律事務所,"資源エネルギー庁
省エネルギー・新エネルギー部新エネルギー課風力政策室",https://www.meti.go.jp/meti_lib/report/2023FY/000081.pdf
METI,2024-07-30,令和５年度経済産業政策関係調査事業（行政事業レビューシート類型化に関する調査）調査報告書,エヌ・ティ・ティ・データ経営研究所,"大臣官房
業務改革課",https://www.meti.go.jp/meti_lib/report/2023FY/000082.pdf
METI,2024-07-30,令和５年度技術開発調査等推進事業（あるべきイノベーション政策の検討に向けた調査事業）調査報告書,EY新日本有限責任監査法人,"産業技術環境局
技術振興・大学連携推進課",https://www.meti.go.jp/meti_lib/report/2023FY/000083.pdf
METI,2024-07-30,令和５年度内外一体の経済成長戦略構築に係る国際経済調査事業（サービス国内規制参照文書妥結を踏まえた我が国のサービス貿易実態把握に関する調査）調査報告書,ハローG,"通商政策局
通商機構部参事官付",https://www.meti.go.jp/meti_lib/report/2023FY/000084.pdf
METI,2024-07-30,令和５年度内外一体の経済成長戦略構築にかかる国際経済調査事業（中東地域における経済社会情勢の変化を見据えた新産業政策の分析と我が国との関係のあり方の検討）,EYストラテジーアンドコンサルティング,"通商政策局
中東アフリカ課",https://www.meti.go.jp/meti_lib/report/2023FY/000085.pdf
METI,2024-07-30,令和5年度 流通・物流の効率化・付加価値創出に係る基盤構築事業（ＩｏＴ技術を活用したサプライチェーンの効率化及び食品ロス削減の事例創出）　報告書,日本総合研究所,商務・サー ビスグループ消費・流通政策課,https://www.meti.go.jp/meti_lib/report/2023FY/000108.pdf
METI,2024-07-25,令和５年度 中小企業・小規模事業者 ワンストップ総合支援事業（中小企業・小規模事業者支援に向けたミラサポConnect利活用等推進調査事業）調査報告書,デロイトトーマツファイナンシャルアドバイザリー合同会社,"中小企業庁
長官官房総務課",https://www.meti.go.jp/meti_lib/report/2023FY/000064.pdf
METI,2024-07-25,令和５年度エネルギー需給構造高度化対策調査等事業（定置用蓄電システムの普及拡大に向けた調査）調査報告書,三菱総合研究所,"資源エネルギー庁
省エネルギー・新エネルギー部新エネルギーシステム課",https://www.meti.go.jp/meti_lib/report/2023FY/000068.pdf
METI,2024-07-25,令和５年度「流通・物流の効率化・付加価値創出に係る基盤構築事業​（百貨店及び取引先等で活用されるEDI等デジタル化に向けた実証事業）」報告書 ​,ウイングアーク1st,商務・サービスグループ消費・流通政策課,https://www.meti.go.jp/meti_lib/report/2023FY/000078.pdf
METI,2024-07-25,令和５年度燃料安定供給対策調査等事業（ＡＳＥＡＮ＋３地域等におけるエネルギー連携強化に係る事業）報告書,一般財団法人日本エネルギー経済研究所,"資源エネルギー庁
長官官房国際課",https://www.meti.go.jp/meti_lib/report/2023FY/000080.pdf
METI,2024-07-25,令和５年度重要技術管理体制強化事業（投資規制対策事業（諸外国における投資環境動向調査））報告書,アンダーソン・毛利・友常法律事務所外国法共同事業,"貿易経済協力局
貿易管理部安全保障貿易管理政策課国際投資管理室",https://www.meti.go.jp/meti_lib/report/2023FY/000109.pdf
METI,2024-07-25,令和５年度重要技術管理体制強化事業（対内直接投資規制対策事業（外国投資ファンド等の動向調査））,アイ・アールジャパン,"貿易経済協力局
貿易管理部安全保障貿易管理政策課
国際投資管理室",https://www.meti.go.jp/meti_lib/report/2023FY/000110.pdf
METI,2024-07-25,令和５年度 商取引・サービス環境の適正化に係る事業 （Ｂ２Ｂキャッシュレス取引促進にかかるコンテンツ内容調査事業）事業報告書,デロイトトーマツコンサルティング合同会社,"商務・サービスＧ
キャッシュレス推進室",https://www.meti.go.jp/meti_lib/report/2023FY/000232.pdf
METI,2024-07-25,令和５年度中小企業実態調査委託費（経済センサス‐活動調査等に関する再編加工に係る委託事業）報告書,日本アプライドリサーチ研究所,"中小企業庁
事業環境部企画課調査室",https://www.meti.go.jp/meti_lib/report/2023FY/000308.pdf
METI,2024-07-09,令和５年度新エネルギー等の保安規制高度化事業新エネルギー技術等の安全な普及のための高圧ガス技術基準策定報告書,特別民間法人高圧ガス保安協会,"産業保安グループ
高圧ガス保安室",https://www.meti.go.jp/meti_lib/report/2023FY/000025.pdf
METI,2024-07-09,令和５年度燃料安定供給対策調査等事業（過疎地等における中長期的な燃料供給網構築に関する調査）報告書,価値総合研究所,"資源エネルギー庁
資源・燃料部燃料供給基盤整備課燃料流通政策室",https://www.meti.go.jp/meti_lib/report/2023FY/000044.pdf
METI,2024-07-09,令和５年度燃料安定供給対策調査等事業（石油製品流通網把握システムのクラウドネイティブ化改修に向けた概念実証）調査報告書,パスコ,"資源エネルギー庁
資源・燃料部燃料供給基盤整備課燃料流通政策室",https://www.meti.go.jp/meti_lib/report/2023FY/000045.pdf
METI,2024-07-09,令和５年度重要技術管理体制強化事業(産業競争力強化法に基づく技術情報管理認証制度に関する調査分析及び普及促進等事業)調査報告書,三菱UFJリサーチ&コンサルティング,"貿易経済協力局
貿易管理部安全保障貿易管理課",https://www.meti.go.jp/meti_lib/report/2023FY/000046.pdf
METI,2024-07-09,令和５年度産業保安等技術基準策定研究開発等事業（ネット市場における製品安全関連法対応状況等調査）報告書,一般財団法人電気安全環境研究所,"産業保安グループ
製品安全課",https://www.meti.go.jp/meti_lib/report/2023FY/000047.pdf
METI,2024-07-09,令和５年度産業保安等技術基準策定調査研究等事業（火薬類爆発影響低減化技術基準検討事業）報告書,公益社団法人全国火薬類保安協会,"産業保安グループ
鉱山・火薬類監理官付",https://www.meti.go.jp/meti_lib/report/2023FY/000048.pdf
METI,2024-07-09,「令和５年度商取引・サービス環境の適正化に係る事業（店頭商品デリバティブ取引の実態等調査）」報告書,リサーチワークス,"商務情報政策局
商務・サービスグループ 商品市場整備室",https://www.meti.go.jp/meti_lib/report/2023FY/000051.pdf
METI,2024-07-09,令和５年度原子力産業基盤強化事業（原子力分野における国際協力枠組み等に関する調査）報告書,日本エヌ・ユー・エス,"資源エネルギー庁
電力・ガス事業部原子力政策課",https://www.meti.go.jp/meti_lib/report/2023FY/000054.pdf
METI,2024-07-09,令和５年度 大阪・関西万博政府開催準備事業（大阪・関西万博の理解促進及び機運醸成等に係る事業）実施報告書,大日本印刷,商務・サービスグループ博覧会推進室,https://www.meti.go.jp/meti_lib/report/2023FY/000058.pdf
METI,2024-07-09,"令和５年度中小企業・小規模事業者支援施策に関する相談対応事業
調査報告書",ベルテック,"中小企業庁
長官官房総務課",https://www.meti.go.jp/meti_lib/report/2023FY/000059.pdf
METI,2024-07-09,令和５年度エネルギー需給構造高度化対策に関する調査等事業（FIT制度におけるバイオマス発電に用いる燃料の持続可能性及び GHG 排出量基準等に関する調査）報告書,三菱総合研究所,"資源エネルギー庁
省エネルギー・新エネルギー部　新エネルギー課",https://www.meti.go.jp/meti_lib/report/2023FY/000061.pdf
METI,2024-07-09,令和５年度水力発電技術情報等収集調査事業（河川流量等データ一元化)   調査報告書,AStar,"資源エネルギー庁
省エネルギー・新エネルギー部新エネルギー課",https://www.meti.go.jp/meti_lib/report/2023FY/000062.pdf
METI,2024-07-09,令和５年度水力発電技術情報等収集調査事業（中小水力発電のコスト低減・地域共生等による導入促進に向けた調査）報告書,エックス都市研究所,"資源エネルギー庁
省エネルギー・新エネルギー部新エネルギー課　",https://www.meti.go.jp/meti_lib/report/2023FY/000063.pdf
METI,2024-07-09,令和５年度　石油・ガス供給等に係る保安対策調査等事業　高圧ガス保安法に関する国家試験等のＣＢＴ化に向けた検討報告書,特別民間法人高圧ガス保安協会,"産業保安グループ
高圧ガス保安室",https://www.meti.go.jp/meti_lib/report/2023FY/000065.pdf
METI,2024-07-09,令和５年度重要技術管理体制強化事業（工作機械及び産業用ロボット等に係るサプライチェーン強靭化に向けた調査）最終報告書,PwCコンサルティング合同会社,"製造産業局
産業機械課",https://www.meti.go.jp/meti_lib/report/2023FY/000066.pdf
METI,2024-07-09,"令和5年度原子力産業基盤強化事業
（原子力機器へのAM 材適用に向けた材料データベース構築）
事業報告書",三菱重工業東芝エネルギーシステムズ日立GEニュークリア・エナジーIHI,"資源エネルギー庁
電力・ガス事業部原子力政策課",https://www.meti.go.jp/meti_lib/report/2023FY/000067.pdf
METI,2024-07-09,令和５年度エネルギー需給構造高度化対策調査等事業（ディマンドリスポンスの更なる活用に向けた実態等調査）報告書,東京電力エナジーパートナー,"資源エネルギー庁
省エネルギー・新エネルギー部新エネルギーシステム課",https://www.meti.go.jp/meti_lib/report/2023FY/000069.pdf
METI,2024-07-09,令和５年度エネルギー需給構造高度化対策調査等事業（分散型エネルギーリソースの更なる活用・普及推進に関する調査）報告書,野村総合研究所,"資源エネルギー庁
省エネルギー・新エネルギー部新エネルギーシステム課",https://www.meti.go.jp/meti_lib/report/2023FY/000070.pdf
METI,2024-07-09,令和５年度産業経済研究委託事業（諸外国における託送料金制度に関する調査事業）成果報告書（公開版）,有限責任監査法人トーマツ,"電力・ガス取引監視等委員会事務局
ネットワーク事業制度企画室",https://www.meti.go.jp/meti_lib/report/2023FY/000071.pdf
METI,2024-07-09,【公開用】令和５年度エネルギー需給構造高度化対策調査等事業　クリーン水素の評価・認証体制の検討に関する調査　最終報告書,一般社団法人水素バリューチェーン推進協議会,"資源エネルギー庁
省エネルギー・新エネルギー部水素・アンモニア課",https://www.meti.go.jp/meti_lib/report/2023FY/000072.pdf
METI,2024-07-09,【公開用】令和５年度エネルギー需給構造高度化対策調査等事業　多国間枠組における水素エネルギーに関する国際動向調査　最終報告書,一般社団法人水素バリューチェーン推進協議会,"資源エネルギー庁
省エネルギー・新エネルギー部水素・アンモニア課",https://www.meti.go.jp/meti_lib/report/2023FY/000073.pdf
METI,2024-07-09,令和５年度給付金等不正認定・債権回収対応等事業に係る業務報告書,弁護士法人一番町綜合法律事務所,"中小企業庁
総務課訟務・債権管理室",https://www.meti.go.jp/meti_lib/report/2023FY/000074.pdf
METI,2024-07-09,令和５年度給付金等不正対応等事業に係わる業務実施・調査報告,コンベンションリンケージ,"中小企業庁
長官官房総務課",https://www.meti.go.jp/meti_lib/report/2023FY/000075.pdf
METI,2024-07-09,令和５年度商取引・サービス環境の適正化に係る事業（食品・日用品等の販売・購入にかかる消費者データを活用した政策立案手法の調査及び開発事業）　報告書,インテージリサーチ,商務・サービスグループ 消費経済企画室,https://www.meti.go.jp/meti_lib/report/2023FY/000076.pdf
METI,2024-06-29,令和５年度流通・物流の効率化・付加価値創出に係る基盤構築事業（物流施設における協働ロボットの効果的な活用事例の創出）調査報告書,三菱HCキャピタル,"商務・サービスグループ
消費・流通政策課
物流企画室",https://www.meti.go.jp/meti_lib/report/2023FY/000010.pdf
METI,2024-06-29,令和５年度流通・物流の効率化・付加価値創出に係る基盤構築事業（物流施設における協働ロボットの効果的な活用事例の創出）調査報告書,ビックカメラ,"商務・サービスグループ
消費・流通政策課
物流企画室",https://www.meti.go.jp/meti_lib/report/2023FY/000010.pdf
METI,2024-06-29,令和５年度流通・物流の効率化・付加価値創出に係る基盤構築事業（物流施設における協働ロボットの効果的な活用事例の創出）調査報告書,山善,"商務・サービスグループ
消費・流通政策課
物流企画室",https://www.meti.go.jp/meti_lib/report/2023FY/000010.pdf
METI,2024-06-29,令和５年度経済産業統計政策調査等事業（海外事業活動基本調査の改善に関する調査研究）＜委託業務調査報告書＞,三菱UFJリサーチ&コンサルティング,"大臣官房調査統計グループ
構造・企業統計室, 総合調整室",https://www.meti.go.jp/meti_lib/report/2023FY/000031.pdf
METI,2024-06-29,令和５年度エネルギー需給構造高度化基準認証推進事業費（ルール形成戦略に係る調査研究（次世代航空機へ搭載される部素材におけるルール形成戦略に係る調査研究））報告書,JFEテクノリサーチ,"製造産業局
航空機武器宇宙産業課",https://www.meti.go.jp/meti_lib/report/2023FY/000032.pdf
METI,2024-06-29,​​令和５年度発展的政策プロセスの実践に関する検討及び調査事業報告書​ ,ブレインパッド,"大臣官房調査統計グループ
データマネジメント推進室",https://www.meti.go.jp/meti_lib/report/2023FY/000033.pdf
METI,2024-06-29,令和５年度製造基盤技術実態等調査（水ビジネスの海外展開と動向把握の方策に関する調査）報告書,オリエンタルコンサルタンツ,"製造産業局
国際プラント・インフラシステム・水ビジネス推進室",https://www.meti.go.jp/meti_lib/report/2023FY/000036.pdf
METI,2024-06-29,令和５年度産業経済研究委託事業（緊急時における被害情報把握・事態対処の体制強化に向けた調査）調査報告書,富士通総研,"大臣官房
総務課
危機管理・災害対策室",https://www.meti.go.jp/meti_lib/report/2023FY/000037.pdf
METI,2024-06-29,令和５年度我が国におけるデジタル社会の形成に向けた基盤整備のための調査事業（家電リサイクル制度等の高度化に向けた調査）調査報告書,環境管理センター,"商務情報政策局
情報産業課",https://www.meti.go.jp/meti_lib/report/2023FY/000038.pdf
METI,2024-06-29,令和５年度質の高いインフラの海外展開に向けた事業実施可能性調査事業（フィリピン国・ダバオ市における本邦技術を活用した防災プラットフォームの整備に向けた事業実施可能性調査事業）事業報告書,日本工営エナジーソリューションズ,"貿易経済協力局
通商金融課
資金協力室",https://www.meti.go.jp/meti_lib/report/2023FY/000039.pdf
METI,2024-06-29,令和５年度化学物質規制対策（規制化学物質に関する国際的な動向調査）報告書,日本エヌ・ユー・エス,"製造産業局
化学物質管理課",https://www.meti.go.jp/meti_lib/report/2023FY/000041.pdf
METI,2024-06-29,令和５年度内外一体の経済成長戦略構築にかかる国際経済調査事業諸外国の輸出信用機関の制度等に係る調査報告書,野村総合研究所,"貿易経済協力局
通商金融課",https://www.meti.go.jp/meti_lib/report/2023FY/000052.pdf
METI,2024-06-29,令和５年度重要技術管理体制強化事業（貿易管理業務におけるAI適応可能性調査）調査報告書（公表用）,NTTデータ,"貿易経済協力局
貿易管理部貿易管理課
電子化・効率化推進室",https://www.meti.go.jp/meti_lib/report/2023FY/000257.pdf
METI,2024-06-26,令和５年度新エネルギー等の保安規制高度化事業 低ＧＷＰ冷媒等の冷凍設備への充填に係る課題の整理検討 調査報告書,特別民間法人高圧ガス保安協会,"産業保安グループ
高圧ガス保安室",https://www.meti.go.jp/meti_lib/report/2023FY/000021.pdf
METI,2024-06-26,令和５年度パートナーシップ構築宣言企業に関する実態把握調査事業　調査報告書,PwCコンサルティング合同会社,"中小企業庁
事業環境部
企画課",https://www.meti.go.jp/meti_lib/report/2023FY/000022.pdf
METI,2024-06-26,令和５年度化学物質規制対策（化管法SDS制度に関する調査） 報告書,一般財団法人化学物質評価研究機構,"製造産業局
化学物質管理課
化学物質リスク評価室 ",https://www.meti.go.jp/meti_lib/report/2023FY/000023.pdf
METI,2024-06-26,令和５年度化学物質規制対策（化審法における製品規制の普及啓発等に関する調査）報告書,一般財団法人化学物質評価研究機構,"製造産業局
化学物質管理課
化学物質安全室",https://www.meti.go.jp/meti_lib/report/2023FY/000024.pdf
METI,2024-06-26,令和５年度石油・ガス供給等に係る保安対策調査等事業（鉱山における危害防止のための実態調査）事業報告書,SOMPOリスクマネジメント,"産業保安グループ
鉱山・火薬類監理官付",https://www.meti.go.jp/meti_lib/report/2023FY/000026.pdf
METI,2024-06-26,令和５年度中小企業活性化・事業承継総合支援事業（中小M&Aの在り方に関する調査事業）,EYストラテジーアンドコンサルティング,"中小企業庁
事業環境部財務課",https://www.meti.go.jp/meti_lib/report/2023FY/000029.pdf
METI,2024-06-26,令和５年度国内における温室効果ガス排出削減・吸収量認証制度の実施委託費（J－クレジット制度推進のための地域支援事業　四国経済産業局）事業報告書,PwCJapan有限責任監査法人,"四国経済産業局
資源エネルギー環境部
エネルギー対策課",https://www.meti.go.jp/meti_lib/report/2023FY/000030.pdf
METI,2024-06-19,令和5年度経済産業省デジタルプラットフォーム構築事業（データ利活用・プロジェクトマネジメント推進に関する調査事業）報告書,アイデミー,"大臣官房
デジタル・トランスフォーメーション室",https://www.meti.go.jp/meti_lib/report/2023FY/000018.pdf
METI,2024-06-19,令和５年度「流通・物流の効率化・付加価値創出に係る基盤構築事業（消費財サプライチェーンにおける商流・物流オペレーション標準化検討）」報告書,公益財団法人流通経済研究所,"商務情報政策局商務・サービスグループ
消費・流通政策課",https://www.meti.go.jp/meti_lib/report/2023FY/000098.pdf
METI,2024-06-19,令和５年度産業経済研究委託事業（スタートアップの成長のための調査）調査報告書,デロイトトーマツベンチャーサポート,"経済産業政策局
産業資金課",https://www.meti.go.jp/meti_lib/report/2023FY/000226.pdf
METI,2024-06-11,成果報告書　令和５年度産業経済研究委託事業（グリーンイノベーション基金事業に係る EBPM に関する調査）　,有限責任監査法人トーマツ,"産業技術環境局
エネルギー・環境イノベーション戦略室	",https://www.meti.go.jp/meti_lib/report/2023FY/000002.pdf
METI,2024-06-11,令和５年度産業経済研究委託事業（「合法伐採木材等の流通及び利用の促進に関する法律」の改正に向けた木材関連製品の流通等に係る調査）調査報告書,矢野経済研究所,"製造産業局
生活製品課",https://www.meti.go.jp/meti_lib/report/2023FY/000003.pdf
METI,2024-06-11,令和５年度地域・企業共生型ビジネス導入・創業促進事業（地域の社会課題解決事業推進のためのエコシステムの構築に向けたインパクト評価の実施及び基本指針策定に向けた研究会運営事業）　地域課題解決事業推進に向けた基本指針,PwCコンサルティング合同会社,"中小企業庁
経営支援部創業・新事業促進課",https://www.meti.go.jp/meti_lib/report/2023FY/000004.pdf
METI,2024-06-11,令和５年度我が国におけるデジタル取引環境整備事業(ブロックチェーンに係る技術調査)報告書,ボストン・コンサルティング・グループ,"商務情報政策局
情報経済課",https://www.meti.go.jp/meti_lib/report/2023FY/000006.pdf
METI,2024-06-11,令和５年度標準活用加速化支援事業（航空機・装備品の環境新技術に関する国際標準化活動における優位性分析）報告書,野村総合研究所,"製造産業局
航空機武器宇宙産業課",https://www.meti.go.jp/meti_lib/report/2023FY/000007.pdf
METI,2024-06-11,令和５年度地域デジタル人材育成・確保推進事業（北海道内企業におけるデジタル人材のニーズ等に係る調査事業）報告書,道銀地域総合研究所,"北海道経済産業局
地域経済部
製造・情報産業課",https://www.meti.go.jp/meti_lib/report/2023FY/000008.pdf
METI,2024-06-11,令和５年度中堅・中小企業とスタートアップの連携による価値創造チャレンジ事業報告書,リバネス,"関東経済産業局
産業部
製造産業課",https://www.meti.go.jp/meti_lib/report/2023FY/000009.pdf
METI,2024-06-11,令和５年度工業団地等に立地する中堅・中小企業の面的GX実現可能性調査事業 報告書公開版,有限責任監査法人トーマツ,"近畿経済産業局
資源エネルギー環境部カーボンニュートラル推進室",https://www.meti.go.jp/meti_lib/report/2023FY/000011.pdf
METI,2024-06-11,令和５年度九州・沖縄における産学連携デジタル人材育成調査等事業調査報告書,グルーヴノーツ,"九州経済産業局
地域経済部
情報政策課デジタル経済室",https://www.meti.go.jp/meti_lib/report/2023FY/000016.pdf
METI,2024-06-11,令和5年度産業経済研究委託事業（「ダイバーシティ経営診断ツール」等の活用展開方策に関する実証調査事業）報告書,KESIKI,"経済産業政策局
経済社会政策室",https://www.meti.go.jp/meti_lib/report/2023FY/000231.pdf
METI,2024-06-07,経済産業省委託事業令和５年度化学物質規制対策（改正化審法の施行状況等を踏まえた化学物質管理制度のあり方等に関する調査事業）報告書,三菱ケミカルリサーチ,"製造産業局
化学物質管理課
化学物質安全室",https://www.meti.go.jp/meti_lib/report/2023FY/000077.pdf
METI,2024-06-07,令和５年度燃料安定供給対策に関する調査事業（次世代エネルギー供給拠点整備と地域産業競争力強化に関する調査事業）最終報告書（公表用）,野村総合研究所,"関東経済産業局
資源エネルギー環境部
カーボンニュートラル推進課",https://www.meti.go.jp/meti_lib/report/2023FY/000814.pdf
METI,2024-06-07,令和５年度取引条件改善に向けた施策のあり方に関する研究分析等事業報告書,東京商工リサーチ,"中小企業庁
事業環境部
取引課",https://www.meti.go.jp/meti_lib/report/2023FY/000817.pdf
METI,2024-06-07,令和５年度エネルギー需給構造高度化対策に関する調査（電気事業及びガス事業に係る電子申請システムの機能拡張に向けた課題検証）調査報告書,アクセンチュア,"資源エネルギー庁
電力・ガス事業部
政策課",https://www.meti.go.jp/meti_lib/report/2023FY/000825.pdf
METI,2024-06-07,令和５年度エネルギー需給構造高度化対策に関する調査（電気・ガス事業オンライン申請届出システムにおけるガバメントクラウドによる運用切り替えに向けた効果検証）調査報告書,アクセンチュア,"資源エネルギー庁
電力・ガス事業部
政策課",https://www.meti.go.jp/meti_lib/report/2023FY/000826.pdf
METI,2024-06-07,令和５年度重要技術管理体制強化事業（機能性材料に係る重要技術動向調査）調査報告書,富士キメラ総研,"製造産業局
素材産業課
革新素材室",https://www.meti.go.jp/meti_lib/report/2023FY/000827.pdf
METI,2024-05-28,令和5年度製造基盤技術実態等調査（我が国ものづくり産業の課題と対応の方向性に関する調査）報告書 公表用,三菱UFJリサーチ&コンサルティング,"製造産業局
製造産業戦略企画室",https://www.meti.go.jp/meti_lib/report/2023FY/000198.pdf
METI,2024-05-28,令和５年度経済産業省政策関係調査事業(ビジネス・プロセス・リエンジニアリング (BPR)手法を活用した業務プロセスの見直しに関する調査)最終報告書,ボストン・コンサルティング・グループ,"大臣官房
業務改革課",https://www.meti.go.jp/meti_lib/report/2023FY/000777.pdf
METI,2024-05-28,令和５年度産業経済研究委託事業（電力・ガス小売自由化における消費者の選択行動アンケート調査事業）報告書,矢野経済研究所,"電力・ガス取引監視等委員会事務局
取引監視課",https://www.meti.go.jp/meti_lib/report/2023FY/000780.pdf
METI,2024-05-28,令和５年度ヘルスケア産業基盤高度化推進事業（2025年大阪・関西万博におけるPHR体験実証及び医療情報関連ガイドラインに関する調査）報告書,アクセンチュア,"商務・サービスグループ
ヘルスケア産業課",https://www.meti.go.jp/meti_lib/report/2023FY/000785.pdf
METI,2024-05-28,令和５年度エネルギー需給構造高度化対策に関する調査等事業（低コスト手法普及拡大に向けた電線地中化工法の実現可能性等調査）報告書,一般社団法人日本電気協会,"資源エネルギー庁
電力・ガス事業部
電力基盤整備課",https://www.meti.go.jp/meti_lib/report/2023FY/000787.pdf
METI,2024-05-28,令和５年度エネルギー需給構造高度化対策に関する調査等事業（無電柱化の推進に向けた基盤的調査）調査報告書,東電タウンプランニング,"資源エネルギー庁
電力・ガス事業部
電力基盤整備課",https://www.meti.go.jp/meti_lib/report/2023FY/000788.pdf
METI,2024-05-28,令和５年度大企業等人材による新規事業創造促進事業（創造性リカレント教育を通じた新規事業創造促進事業）報告書,ロフトワーク,"経済産業政策局
産業人材課",https://www.meti.go.jp/meti_lib/report/2023FY/000794.pdf
METI,2024-05-28,令和５年度我が国におけるデジタル社会の形成に向けた基盤整備のための調査事業（テレワーク推進に資する先駆的な事例等調査研究）報告書（公表用）,日本能率協会総合研究所,"商務情報政策局
情報技術利用促進課",https://www.meti.go.jp/meti_lib/report/2023FY/000799.pdf
METI,2024-05-28,令和５年度内外一体の経済成長戦略構築に係る国際経済調査事業（日本企業の南西アジア高度人材活用促進に係る能力可視化分析調査）調査実施報告書 概要版,EYストラテジーアンドコンサルティング,"通商政策局
南西アジア室",https://www.meti.go.jp/meti_lib/report/2023FY/000800.pdf
METI,2024-05-28,令和５年度大都市圏からの移住者等の活用による持続可能な地域産業振興に関する調査報告書,日本総合研究所,"関東経済産業局
地域経済部
地域経済課",https://www.meti.go.jp/meti_lib/report/2023FY/000802.pdf
METI,2024-05-28,令和５年度化学物質規制対策（インベントリ関連調査） 報告書,数理計画,"製造産業局
化学物質管理課
オゾン層保護等推進室室",https://www.meti.go.jp/meti_lib/report/2023FY/000803.pdf
METI,2024-05-28,令和５年度重要技術管理体制強化事業（バッテリーメタル及び蓄電池製造装置に係る動向調査）報告書,日鉄総研,"商務情報政策局
情報産業課
電池産業室",https://www.meti.go.jp/meti_lib/report/2023FY/000809.pdf
METI,2024-05-28,令和５年度 質の高いインフラの海外展開に向けた事業実施可能性調査事業バングラデシュ国・カムラプール複合交通ターミナル案件実施可能調査事業事業報告書（公表用）,オリエンタルコンサルタンツ,"通商政策局
南西アジア室",https://www.meti.go.jp/meti_lib/report/2023FY/000811.pdf
METI,2024-05-28,令和５年度 質の高いインフラの海外展開に向けた事業実施可能性調査事業バングラデシュ国・カムラプール複合交通ターミナル案件実施可能調査事業事業報告書（公表用）,鹿島建設,"通商政策局
南西アジア室",https://www.meti.go.jp/meti_lib/report/2023FY/000811.pdf
METI,2024-05-28,令和５年度 質の高いインフラの海外展開に向けた事業実施可能性調査事業バングラデシュ国・カムラプール複合交通ターミナル案件実施可能調査事業事業報告書（公表用）,日本工営,"通商政策局
南西アジア室",https://www.meti.go.jp/meti_lib/report/2023FY/000811.pdf
METI,2024-05-28,令和５年度化学物質規制対策（フロン類及び指定製品の製造業者等に関する調査）報告書,野村総合研究所,"製造産業局
化学物質管理課
オゾン層保護等推進室",https://www.meti.go.jp/meti_lib/report/2023FY/000812.pdf
METI,2024-05-28,令和５年度化学物質安全対策（我が国のフロン類削減等に係る政策執行等のための国際動向調査）報告書,野村総合研究所,"製造産業局
化学物質管理課
オゾン層保護等推進室",https://www.meti.go.jp/meti_lib/report/2023FY/000813.pdf
METI,2024-05-17,令和５年度内外一体の経済成長戦略構築にかかる国際経済調査事業（諸外国等における経済の電子化を踏まえた課税の動向及びそれを踏まえた我が国の国際課税制度の在り方等に係る調査研究事業）調査報告書,KPMG税理士法人,"貿易経済協力局
投資促進課",https://www.meti.go.jp/meti_lib/report/2023FY/000013.pdf
METI,2024-05-17,令和5年度エネルギー需給構造高度化対策調査等事業（再生可能エネルギー分野におけるGX実現に向けた次世代太陽電池及び浮体式洋上風力に関する海外動向調査）報告書,ボストン・コンサルティング・グループ,"資源エネルギー庁
省エネルギー・新エネルギー部新エネルギー課",https://www.meti.go.jp/meti_lib/report/2023FY/000057.pdf
METI,2024-05-17,令和５年度地球温暖化・資源循環対策等に資する調査委託費（グリーンイノベーション基金の成果最大化に向けた懸賞金型事業導入に関する調査）- 最終報告資料 -,日本総合研究所,"産業技術環境局
エネルギー・環境イノベーション戦略室",https://www.meti.go.jp/meti_lib/report/2023FY/000766.pdf
METI,2024-05-17,令和５年度産業経済研究委託事業（諸外国の規制料金制度とその解除基準に関する調査事業）調査報告書,有限責任監査法人トーマツ,"電力・ガス取引監視等委員会事務局
取引制度企画室",https://www.meti.go.jp/meti_lib/report/2023FY/000775.pdf
METI,2024-05-17,令和５年度商取引・サービス環境の適正化に係る事業（クレジットカードのインターチェンジフィーの標準料率公開に伴うモニタリング調査及び加盟店負担低減・B2Bキャッシュレス取引拡大に向けた調査事業）調査報告書,野村総合研究所,"商務・サービスグループ
キャッシュレス推進室",https://www.meti.go.jp/meti_lib/report/2023FY/000797.pdf
METI,2024-04-30,令和５年度流通・物流の効率化・付加価値創出に係る基盤構築事業（物流施設の自動化に資するロールボックスパレットのモデルケース創出）報告書,NX総合研究所,"商務・サービスグループ
消費・流通政策課
物流企画室",https://www.meti.go.jp/meti_lib/report/2023FY/000005.pdf
METI,2024-04-10,令和5年度地球温暖化・資源循環対策等に資する調査委託費（東京湾岸におけるグリーンイノベーション基金事業の効果的実装に向けた相互影響分析調査）調査報告書,デロイトトーマツコンサルティング合同会社,"産業技術環境局
エネルギー・環境イノベーション戦略室",https://www.meti.go.jp/meti_lib/report/2023FY/000001.pdf
METI,2024-04-01,"
令和５年度商取引・サービス環境の適正化に係る事業（我が国企業・地域・行政等のデザイン動向に関する調査事業）調査報告書
	",三菱総合研究所,商務・サービスグループデザイン政策室,https://www.meti.go.jp/meti_lib/report/2023FY/000819.pdf
METI,2024-04-01,令和５年度商取引・サービス環境の適正化に係る事業（我が国企業・地域・行政等のデザイン動向に関する調査事業）JAPAN DESIGN REPORT,三菱総合研究所,商務・サービスグループデザイン政策室,https://www.meti.go.jp/meti_lib/report/2023FY/000820.pdf
METI,2024-04-01,令和５年度産業経済研究委託事業レジリエンス社会の実現に向けた産業政策の検討に関する調査調査報告書,三菱総合研究所,"経済産業政策局
産業構造課",https://www.meti.go.jp/meti_lib/report/2023FY/000822.pdf
METI,2024-04-01,令和５年度産業経済研究委託事業 持続的な成長を実現するための政府支援のあり方に関する調査報告書,EY税理士法人,"経済産業政策局
産業構造課",https://www.meti.go.jp/meti_lib/report/2023FY/000823.pdf
METI,2024-03-05,令和５年度ユニコーン創出支援事業（エンジェル投資の促進に向けたエンジェル投資家の実態等に係る調査）事業報告書,スマートラウンド,"経済産業政策局
新規事業創造推進室",https://www.meti.go.jp/meti_lib/report/2023FY/000727.pdf
METI,2024-03-05,令和５年度中小企業政策推進事業（中部地域における事業承継・引継ぎに関する課題及び取組調査）調査報告書（公表用）,百五総合研究所,"中部経済産業局
産業部中小企業課",https://www.meti.go.jp/meti_lib/report/2023FY/000760.pdf
METI,2024-03-05,令和５年度中小企業実態調査委託費（飛躍的成長を遂げた中小企業等に関する調査委託事業） 報告書,東京商工リサーチ,"中小企業庁
事業環境部企画課",https://www.meti.go.jp/meti_lib/report/2023FY/000776.pdf
METI,2024-01-12,令和５年度産業経済研究委託事業（スタートアップの人材確保にかかる調査研究）調査報告書,森・濱田松本法律事務所,"経済産業政策局
産業創造課",https://www.meti.go.jp/meti_lib/report/2023FY/000571.pdf
METI,2023-11-30,令和５年度産業経済研究委託事業「PHR等デジタルデータを基盤とした新たなライフスタイルの構築に向けた2025大阪万博の場を活かした基盤構築・実証事業」のための構想企画等準備事業報告書,アクセンチュア,"商務・サービスグループ
ヘルスケア産業課",https://www.meti.go.jp/meti_lib/report/2023FY/000539.pdf
